Id,Label,Revenue
(500) Days of Summer,(500) Days of Summer,32.39
10 Cloverfield Lane,10 Cloverfield Lane,71.9
10 Years,10 Years,0.2
12 Years a Slave,12 Years a Slave,56.67
127 Hours,127 Hours,18.33
13 Hours,13 Hours,52.82
1408,1408,71.98
17 Again,17 Again,64.15
2012,2012,166.11
20th Century Women,20th Century Women,5.66
21,21,81.16
21 Jump Street,21 Jump Street,138.45
22 Jump Street,22 Jump Street,191.62
2307: Winter's Dream,2307: Winter's Dream,20.76
28 Weeks Later,28 Weeks Later,28.64
3 Days to Kill,3 Days to Kill,30.69
3 Idiots,3 Idiots,6.52
300,300,210.59
300: Rise of an Empire,300: Rise of an Empire,106.37
31,31,0.78
42,42,95
5/25/77,5/25/77,
50/50,50/50,34.96
A Bigger Splash,A Bigger Splash,1.98
A Cure for Wellness,A Cure for Wellness,8.1
A Dark Song,A Dark Song,
A Good Year,A Good Year,7.46
A Hologram for the King,A Hologram for the King,4.2
A Kind of Murder,A Kind of Murder,0
A Million Ways to Die in the West,A Million Ways to Die in the West,42.62
A Monster Calls,A Monster Calls,3.73
A Quiet Passion,A Quiet Passion,1.08
A Street Cat Named Bob,A Street Cat Named Bob,0.04
A United Kingdom,A United Kingdom,3.9
A Walk Among the Tombstones,A Walk Among the Tombstones,25.98
About Time,About Time,15.29
Absolutely Anything,Absolutely Anything,
Across the Universe,Across the Universe,24.34
Adoration,Adoration,0.32
After Earth,After Earth,60.52
Ah-ga-ssi,Ah-ga-ssi,2.01
"Alexander and the Terrible, Horrible, No Good, Very Bad Day","Alexander and the Terrible, Horrible, No Good, Very Bad Day",66.95
Alice Through the Looking Glass,Alice Through the Looking Glass,77.04
Alice in Wonderland,Alice in Wonderland,334.19
Aliens vs Predator - Requiem,Aliens vs Predator - Requiem,41.8
All Good Things,All Good Things,0.58
All We Had,All We Had,
Allegiant,Allegiant,66
Allied,Allied,40.07
Amateur Night,Amateur Night,
American Gangster,American Gangster,130.13
American Honey,American Honey,0.66
American Hustle,American Hustle,150.12
American Pastoral,American Pastoral,
American Reunion,American Reunion,56.72
American Sniper,American Sniper,350.12
American Wrestler: The Wizard,American Wrestler: The Wizard,
Angry Birds,Angry Birds,107.51
Anna Karenina,Anna Karenina,12.8
Annabelle,Annabelle,84.26
Annie,Annie,85.91
Ant-Man,Ant-Man,180.19
Anthropoid,Anthropoid,2.96
Antichrist,Antichrist,0.4
Apocalypto,Apocalypto,50.86
Argo,Argo,136.02
Arrival,Arrival,100.5
Assassin's Creed,Assassin's Creed,54.65
Atonement,Atonement,50.92
August Rush,August Rush,31.66
Australia,Australia,49.55
Avatar,Avatar,760.51
Avengers: Age of Ultron,Avengers: Age of Ultron,458.99
Babel,Babel,34.3
Bacalaureat,Bacalaureat,0.13
Bad Moms,Bad Moms,113.08
Bahubali: The Beginning,Bahubali: The Beginning,6.5
Ballerina,Ballerina,
Barbershop: The Next Cut,Barbershop: The Next Cut,54.01
Bastille Day,Bastille Day,0.04
Batman v Superman: Dawn of Justice,Batman v Superman: Dawn of Justice,330.25
Battleship,Battleship,65.17
Beautiful Creatures,Beautiful Creatures,19.45
Before I Wake,Before I Wake,
Before We Go,Before We Go,0.04
Begin Again,Begin Again,16.17
Below Her Mouth,Below Her Mouth,
Ben-Hur,Ben-Hur,26.38
Beowulf,Beowulf,82.16
Beyond the Gates,Beyond the Gates,
Big Hero 6,Big Hero 6,222.49
Billy Lynn's Long Halftime Walk,Billy Lynn's Long Halftime Walk,1.72
Birdman or (The Unexpected Virtue of Ignorance),Birdman or (The Unexpected Virtue of Ignorance),42.34
Birth of the Dragon,Birth of the Dragon,93.05
Black Mass,Black Mass,62.56
Black Swan,Black Swan,106.95
Blackhat,Blackhat,7.1
Blair Witch,Blair Witch,20.75
Bleed for This,Bleed for This,4.85
Blended,Blended,46.28
Blood Diamond,Blood Diamond,57.37
Blood Father,Blood Father,93.95
Blue Jasmine,Blue Jasmine,33.4
Blue Valentine,Blue Valentine,9.7
Body of Lies,Body of Lies,39.38
Bone Tomahawk,Bone Tomahawk,66.01
Bonjour Anne,Bonjour Anne,0.32
Boyhood,Boyhood,25.36
Boyka: Undisputed IV,Boyka: Undisputed IV,
Brave,Brave,237.28
Bride Wars,Bride Wars,58.72
Bridesmaids,Bridesmaids,169.08
Bridge of Spies,Bridge of Spies,72.31
Bridge to Terabithia,Bridge to Terabithia,82.23
Bridget Jones's Baby,Bridget Jones's Baby,24.09
Brimstone,Brimstone,
Bronson,Bronson,0.1
Brooklyn,Brooklyn,38.32
Burnt,Burnt,13.65
Busanhaeng,Busanhaeng,2.13
Caf̩ Society,Caf̩ Society,11.08
Captain America: Civil War,Captain America: Civil War,408.08
Captain America: The First Avenger,Captain America: The First Avenger,176.64
Captain America: The Winter Soldier,Captain America: The Winter Soldier,259.75
Captain Fantastic,Captain Fantastic,5.88
Captain Phillips,Captain Phillips,107.1
Carol,Carol,0.25
Carrie,Carrie,35.27
Cars,Cars,244.05
Cars 2,Cars 2,191.45
Casino Royale,Casino Royale,167.01
Central Intelligence,Central Intelligence,127.38
Centurion,Centurion,0.12
Chalk It Up,Chalk It Up,
Changeling,Changeling,35.71
Chappie,Chappie,31.57
Chef,Chef,31.24
Child 44,Child 44,1.21
Children of Men,Children of Men,35.29
Christine,Christine,0.3
Chuck,Chuck,0.11
Cinderella,Cinderella,201.15
City of Tiny Lights,City of Tiny Lights,
Clash of the Titans,Clash of the Titans,163.19
Closed Circuit,Closed Circuit,5.73
Cloud Atlas,Cloud Atlas,27.1
Cloverfield,Cloverfield,80.03
Clown,Clown,0.05
Coherence,Coherence,0.07
Collateral Beauty,Collateral Beauty,30.98
Collide,Collide,2.2
Colonia,Colonia,
Colossal,Colossal,2.87
Conan the Barbarian,Conan the Barbarian,21.27
Concussion,Concussion,34.53
Contagion,Contagion,75.64
Contratiempo,Contratiempo,
Coraline,Coraline,75.28
Couples Retreat,Couples Retreat,109.18
Crawlspace,Crawlspace,
"Crazy, Stupid, Love.","Crazy, Stupid, Love.",84.24
Creed,Creed,109.71
Criminal,Criminal,14.27
Crimson Peak,Crimson Peak,31.06
Custody,Custody,
Daddy's Home,Daddy's Home,150.32
Dallas Buyers Club,Dallas Buyers Club,27.3
Dangal,Dangal,11.15
Dark Places,Dark Places,
Dark Shadows,Dark Shadows,79.71
Dawn of the Planet of the Apes,Dawn of the Planet of the Apes,208.54
Dead Awake,Dead Awake,0.01
Deadpool,Deadpool,363.02
Dear White People,Dear White People,4.4
Dear Zindagi,Dear Zindagi,1.4
Death Proof,Death Proof,
Death Race,Death Race,36.06
Deepwater Horizon,Deepwater Horizon,61.28
Deja Vu,Deja Vu,
Demain tout commence,Demain tout commence,
Demolition,Demolition,1.82
Denial,Denial,4.07
Despicable Me,Despicable Me,251.5
Despicable Me 2,Despicable Me 2,368.05
Detour,Detour,
Deuces,Deuces,
Devil's Knot,Devil's Knot,
Diary of a Wimpy Kid,Diary of a Wimpy Kid,64
Diary of a Wimpy Kid: Dog Days,Diary of a Wimpy Kid: Dog Days,49
Diary of a Wimpy Kid: Rodrick Rules,Diary of a Wimpy Kid: Rodrick Rules,52.69
Dirty Grandpa,Dirty Grandpa,35.54
Disaster Movie,Disaster Movie,14.17
District 9,District 9,115.65
Disturbia,Disturbia,80.05
Divergent,Divergent,150.83
Django Unchained,Django Unchained,162.8
Doctor Strange,Doctor Strange,232.6
Don Jon,Don Jon,24.48
Don't Breathe,Don't Breathe,89.21
Don't Fuck in the Woods,Don't Fuck in the Woods,
Don't Think Twice,Don't Think Twice,4.42
Dope,Dope,17.47
Dracula Untold,Dracula Untold,55.94
Dragonball Evolution,Dragonball Evolution,9.35
Dredd,Dredd,13.4
Drive,Drive,35.05
Eagle Eye,Eagle Eye,101.11
Eastern Promises,Eastern Promises,17.11
Easy A,Easy A,58.4
Eddie the Eagle,Eddie the Eagle,15.79
Edge of Tomorrow,Edge of Tomorrow,100.19
El secreto de sus ojos,El secreto de sus ojos,20.17
Elle,Elle,
Elysium,Elysium,
En man som heter Ove,En man som heter Ove,3.36
Enchanted,Enchanted,127.71
End of Watch,End of Watch,40.98
Ender's Game,Ender's Game,61.66
Endless Love,Endless Love,23.39
Enemy,Enemy,1.01
Entourage,Entourage,32.36
Equals,Equals,0.03
Escape Plan,Escape Plan,25.12
Everest,Everest,43.25
Everybody Wants Some!!,Everybody Wants Some!!,3.37
Evil Dead,Evil Dead,54.24
Ex Machina,Ex Machina,25.44
Exodus: Gods and Kings,Exodus: Gods and Kings,65.01
Exposed,Exposed,
Eye in the Sky,Eye in the Sky,18.7
Fallen,Fallen,
Fantastic Beasts and Where to Find Them,Fantastic Beasts and Where to Find Them,234.02
Fantastic Four,Fantastic Four,56.11
Fantastic Mr. Fox,Fantastic Mr. Fox,21
Fast & Furious,Fast & Furious,155.02
Fast Five,Fast Five,209.81
Faster,Faster,23.23
Fences,Fences,57.64
Fifty Shades of Grey,Fifty Shades of Grey,166.15
Filth,Filth,0.03
Final Destination 5,Final Destination 5,42.58
Final Girl,Final Girl,
Finding Dory,Finding Dory,486.29
Flight,Flight,93.75
Florence Foster Jenkins,Florence Foster Jenkins,27.37
Focus,Focus,53.85
Folk Hero & Funny Guy,Folk Hero & Funny Guy,
Fool's Gold,Fool's Gold,70.22
Footloose,Footloose,51.78
Forgetting Sarah Marshall,Forgetting Sarah Marshall,62.88
Forushande,Forushande,3.4
Fracture,Fracture,39
Frantz,Frantz,0.86
Free Fire,Free Fire,1.8
Free State of Jones,Free State of Jones,
Freedom Writers,Freedom Writers,36.58
Friday the 13th,Friday the 13th,65
Friend Request,Friend Request,64.03
Friends with Benefits,Friends with Benefits,55.8
Frozen,Frozen,400.74
Funny Games,Funny Games,1.29
Furious 6,Furious 6,238.67
Furious Seven,Furious Seven,350.03
Fury,Fury,85.71
G.I. Joe: Retaliation,G.I. Joe: Retaliation,122.51
G.I. Joe: The Rise of Cobra,G.I. Joe: The Rise of Cobra,150.17
Gangster Squad,Gangster Squad,46
Genius,Genius,1.36
Get Hard,Get Hard,90.35
Ghost Rider,Ghost Rider,115.8
Ghostbusters,Ghostbusters,128.34
Gods of Egypt,Gods of Egypt,31.14
Godzilla,Godzilla,200.66
Goksung,Goksung,0.79
Gold,Gold,7.22
Gone Baby Gone,Gone Baby Gone,20.3
Gone Girl,Gone Girl,167.74
Good Kids,Good Kids,
Goosebumps,Goosebumps,80.02
Gran Torino,Gran Torino,148.09
Gravity,Gravity,274.08
Green Lantern,Green Lantern,116.59
Green Room,Green Room,3.22
Grimsby,Grimsby,6.86
Grindhouse,Grindhouse,25.03
Grown Ups,Grown Ups,162
Grown Ups 2,Grown Ups 2,133.67
Guardians of the Galaxy,Guardians of the Galaxy,333.13
Hachi: A Dog's Tale,Hachi: A Dog's Tale,
Hacker,Hacker,
Hacksaw Ridge,Hacksaw Ridge,67.12
"Hail, Caesar!","Hail, Caesar!",30
Hairspray,Hairspray,118.82
Half of a Yellow Sun,Half of a Yellow Sun,0.05
Hancock,Hancock,227.95
Hands of Stone,Hands of Stone,4.71
Handsome Devil,Handsome Devil,
Hanna,Hanna,40.25
Happy Feet,Happy Feet,197.99
Hardcore Henry,Hardcore Henry,9.24
Harry Potter and the Deathly Hallows: Part 1,Harry Potter and the Deathly Hallows: Part 1,294.98
Harry Potter and the Deathly Hallows: Part 2,Harry Potter and the Deathly Hallows: Part 2,380.96
Harry Potter and the Half-Blood Prince,Harry Potter and the Half-Blood Prince,301.96
Harry Potter and the Order of the Phoenix,Harry Potter and the Order of the Phoenix,292
He's Just Not That Into You,He's Just Not That Into You,
Hell or High Water,Hell or High Water,26.86
Hellboy II: The Golden Army,Hellboy II: The Golden Army,75.75
"Hello, My Name Is Doris","Hello, My Name Is Doris",14.44
Her,Her,25.56
Hercules,Hercules,72.66
Hidden Figures,Hidden Figures,169.27
High-Rise,High-Rise,0.34
Home,Home,177.34
Horns,Horns,0.16
Horrible Bosses,Horrible Bosses,117.53
Horrible Bosses 2,Horrible Bosses 2,54.41
Hostel: Part II,Hostel: Part II,17.54
Hot Fuzz,Hot Fuzz,23.62
Hotel Transylvania 2,Hotel Transylvania 2,169.69
Hounds of Love,Hounds of Love,
How to Be Single,How to Be Single,46.81
How to Train Your Dragon,How to Train Your Dragon,217.39
How to Train Your Dragon 2,How to Train Your Dragon 2,177
Hugo,Hugo,73.82
Hunger,Hunger,0.15
Hunt for the Wilderpeople,Hunt for the Wilderpeople,5.2
Hush,Hush,
I Am Legend,I Am Legend,256.39
I Am Number Four,I Am Number Four,55.09
I Am the Pretty Thing That Lives in the House,I Am the Pretty Thing That Lives in the House,
I Origins,I Origins,0.33
I Spit on Your Grave,I Spit on Your Grave,0.09
"I, Daniel Blake","I, Daniel Blake",
I.T.,I.T.,
Ice Age: Collision Course,Ice Age: Collision Course,64.06
Idiocracy,Idiocracy,0.44
If I Stay,If I Stay,50.46
Il racconto dei racconti - Tale of Tales,Il racconto dei racconti - Tale of Tales,0.08
Immortals,Immortals,83.5
Imperium,Imperium,
In Bruges,In Bruges,7.76
In Dubious Battle,In Dubious Battle,
In Time,In Time,37.55
In the Heart of the Sea,In the Heart of the Sea,24.99
Incendies,Incendies,6.86
Inception,Inception,292.57
Independence Day: Resurgence,Independence Day: Resurgence,103.14
Indiana Jones and the Kingdom of the Crystal Skull,Indiana Jones and the Kingdom of the Crystal Skull,317.01
Indignation,Indignation,3.4
Inferno,Inferno,34.26
Inglourious Basterds,Inglourious Basterds,120.52
Inherent Vice,Inherent Vice,8.09
Inland Empire,Inland Empire,
Inside Man,Inside Man,88.5
Inside Out,Inside Out,356.45
Insidious,Insidious,53.99
Insurgent,Insurgent,130
Interstellar,Interstellar,187.99
Into the Forest,Into the Forest,0.01
Into the Wild,Into the Wild,18.35
Into the Woods,Into the Woods,128
Iris,Iris,
Iron Man,Iron Man,318.3
Iron Man 2,Iron Man 2,312.06
Iron Man Three,Iron Man Three,408.99
It Follows,It Follows,14.67
It's Only the End of the World,It's Only the End of the World,
Jack Reacher,Jack Reacher,58.68
Jack Reacher: Never Go Back,Jack Reacher: Never Go Back,58.4
Jack Ryan: Shadow Recruit,Jack Ryan: Shadow Recruit,50.55
Jackie,Jackie,13.96
Jagten,Jagten,0.61
Jane Eyre,Jane Eyre,11.23
Jason Bourne,Jason Bourne,162.16
Jennifer's Body,Jennifer's Body,16.2
John Carter,John Carter,73.06
John Wick,John Wick,43
Joy,Joy,56.44
Jumper,Jumper,80.17
Juno,Juno,143.49
Jupiter Ascending,Jupiter Ascending,47.38
Jurassic World,Jurassic World,652.18
Just Go with It,Just Go with It,103.03
Keanu,Keanu,20.57
Keeping Up with the Joneses,Keeping Up with the Joneses,14.9
Kick-Ass,Kick-Ass,48.04
Kick-Ass 2,Kick-Ass 2,28.75
Kickboxer: Vengeance,Kickboxer: Vengeance,131.56
Kicks,Kicks,0.15
Kimi no na wa,Kimi no na wa,4.68
King Cobra,King Cobra,0.03
Kingsman: The Secret Service,Kingsman: The Secret Service,128.25
Knight of Cups,Knight of Cups,0.56
Knock Knock,Knock Knock,0.03
Knocked Up,Knocked Up,148.73
Koe no katachi,Koe no katachi,
Kubo and the Two Strings,Kubo and the Two Strings,48.02
Kung Fu Panda,Kung Fu Panda,215.4
Kung Fu Panda 3,Kung Fu Panda 3,143.52
Kynodontas,Kynodontas,0.11
L'avenir,L'avenir,0.28
L'odyss̩e,L'odyss̩e,
La La Land,La La Land,151.06
La migliore offerta,La migliore offerta,0.09
La tortue rouge,La tortue rouge,0.92
La vie d'Ad̬le,La vie d'Ad̬le,2.2
Lady Macbeth,Lady Macbeth,
Lady in the Water,Lady in the Water,42.27
Lavender,Lavender,
Law Abiding Citizen,Law Abiding Citizen,73.34
Lawless,Lawless,37.4
Legend,Legend,1.87
Legion,Legion,40.17
Les Mis̩rables,Les Mis̩rables,148.78
Let Me In,Let Me In,12.13
Let Me Make You a Martyr,Let Me Make You a Martyr,
Let's Be Cops,Let's Be Cops,82.39
Life as We Know It,Life as We Know It,53.36
Life of Pi,Life of Pi,124.98
Lights Out,Lights Out,67.24
Limitless,Limitless,79.24
Lincoln,Lincoln,182.2
Lion,Lion,51.69
Little Miss Sunshine,Little Miss Sunshine,59.89
Live Free or Die Hard,Live Free or Die Hard,134.52
Live by Night,Live by Night,10.38
Locke,Locke,1.36
London Has Fallen,London Has Fallen,62.4
Lone Survivor,Lone Survivor,125.07
Looper,Looper,66.47
Love,Love,
Love & Friendship,Love & Friendship,14.01
Love & Other Drugs,Love & Other Drugs,32.36
"Love, Rosie","Love, Rosie",0.01
Lovesong,Lovesong,0.01
Loving,Loving,7.7
Lowriders,Lowriders,4.21
Lucky Number Slevin,Lucky Number Slevin,22.49
Lucy,Lucy,126.55
L�_da Baarov��,L�_da Baarov��,
Ma vie de Courgette,Ma vie de Courgette,0.29
Macbeth,Macbeth,
Mad Max: Fury Road,Mad Max: Fury Road,153.63
Magic Mike,Magic Mike,113.71
Magic Mike XXL,Magic Mike XXL,
Maleficent,Maleficent,241.41
Mama,Mama,71.59
Mamma Mia!,Mamma Mia!,143.7
Man Down,Man Down,
Man of Steel,Man of Steel,291.02
Man on a Ledge,Man on a Ledge,18.6
Manchester by the Sea,Manchester by the Sea,47.7
Marie Antoinette,Marie Antoinette,15.96
Martyrs,Martyrs,
Masterminds,Masterminds,17.36
Maudie,Maudie,
Max,Max,42.65
Max Steel,Max Steel,3.77
Maze Runner: The Scorch Trials,Maze Runner: The Scorch Trials,81.69
Me Before You,Me Before You,56.23
Me and Earl and the Dying Girl,Me and Earl and the Dying Girl,6.74
Mean Dreams,Mean Dreams,
Mechanic: Resurrection,Mechanic: Resurrection,21.2
Megamind,Megamind,148.34
Megan Is Missing,Megan Is Missing,
Melancholia,Melancholia,3.03
Men in Black 3,Men in Black 3,179.02
Midnight Special,Midnight Special,3.71
Midnight in Paris,Midnight in Paris,56.82
Mike and Dave Need Wedding Dates,Mike and Dave Need Wedding Dates,46.01
Mindhorn,Mindhorn,
Mine,Mine,
Minions,Minions,336.03
Miracles from Heaven,Miracles from Heaven,61.69
Miss Peregrine's Home for Peculiar Children,Miss Peregrine's Home for Peculiar Children,87.24
Miss Sloane,Miss Sloane,3.44
Mission: Impossible - Ghost Protocol,Mission: Impossible - Ghost Protocol,209.36
Mission: Impossible - Rogue Nation,Mission: Impossible - Rogue Nation,195
Mission: Impossible III,Mission: Impossible III,133.38
Moana,Moana,248.75
Mommy,Mommy,3.49
Money Monster,Money Monster,41.01
Moneyball,Moneyball,75.61
Monster Trucks,Monster Trucks,33.04
Monsters University,Monsters University,268.49
Moon,Moon,5.01
Moonlight,Moonlight,27.85
Moonrise Kingdom,Moonrise Kingdom,45.51
Morgan,Morgan,3.91
Mother's Day,Mother's Day,32.46
Movie 43,Movie 43,8.83
Mr. Brooks,Mr. Brooks,28.48
Mr. Church,Mr. Church,0.69
Mr. Nobody,Mr. Nobody,
Mr. Right,Mr. Right,0.03
My Big Fat Greek Wedding 2,My Big Fat Greek Wedding 2,59.57
M�_n som hatar kvinnor,M�_n som hatar kvinnor,10.1
Need for Speed,Need for Speed,43.57
Neighbors,Neighbors,150.06
Neighbors 2: Sorority Rising,Neighbors 2: Sorority Rising,55.29
Nerve,Nerve,38.56
Never Back Down,Never Back Down,24.85
Night at the Museum: Secret of the Tomb,Night at the Museum: Secret of the Tomb,113.73
Nightcrawler,Nightcrawler,32.28
Nine Lives,Nine Lives,19.64
No Country for Old Men,No Country for Old Men,74.27
No Escape,No Escape,27.29
No Strings Attached,No Strings Attached,70.63
Noah,Noah,101.16
Nocturnal Animals,Nocturnal Animals,10.64
Norman: The Moderate Rise and Tragic Fall of a New York Fixer,Norman: The Moderate Rise and Tragic Fall of a New York Fixer,2.27
Notorious,Notorious,36.84
Now You See Me,Now You See Me,117.7
Now You See Me 2,Now You See Me 2,65.03
Nymphomaniac: Vol. I,Nymphomaniac: Vol. I,0.79
Nymphomaniac: Vol. II,Nymphomaniac: Vol. II,0.33
Oblivion,Oblivion,89.02
Ocean's Thirteen,Ocean's Thirteen,117.14
Oculus,Oculus,27.69
Office Christmas Party,Office Christmas Party,54.73
Old Boy,Old Boy,
Olympus Has Fallen,Olympus Has Fallen,98.9
One Day,One Day,13.77
Only for One Night,Only for One Night,
Orphan,Orphan,41.57
Ouija: Origin of Evil,Ouija: Origin of Evil,34.9
Out of the Furnace,Out of the Furnace,11.33
Oz the Great and Powerful,Oz the Great and Powerful,234.9
P.S. I Love You,P.S. I Love You,53.68
PK,PK,10.57
Pacific Rim,Pacific Rim,101.79
Pain & Gain,Pain & Gain,49.87
Paint It Black,Paint It Black,
Pan,Pan,34.96
Pan's Labyrinth,Pan's Labyrinth,37.62
Pandorum,Pandorum,10.33
Paper Towns,Paper Towns,31.99
Paris pieds nus,Paris pieds nus,
Passengers,Passengers,100.01
Paterson,Paterson,2.14
Patriots Day,Patriots Day,31.86
Paul,Paul,37.37
Percy Jackson & the Olympians: The Lightning Thief,Percy Jackson & the Olympians: The Lightning Thief,88.76
Percy Jackson: Sea of Monsters,Percy Jackson: Sea of Monsters,68.56
Perfetti sconosciuti,Perfetti sconosciuti,
Perfume: The Story of a Murderer,Perfume: The Story of a Murderer,2.21
Personal Shopper,Personal Shopper,1.29
Pet,Pet,
Pete's Dragon,Pete's Dragon,76.2
Pineapple Express,Pineapple Express,87.34
Piranha 3D,Piranha 3D,25
Pirates of the Caribbean: At World's End,Pirates of the Caribbean: At World's End,309.4
Pirates of the Caribbean: Dead Man's Chest,Pirates of the Caribbean: Dead Man's Chest,423.03
Pirates of the Caribbean: On Stranger Tides,Pirates of the Caribbean: On Stranger Tides,241.06
Pitch Perfect,Pitch Perfect,65
Pitch Perfect 2,Pitch Perfect 2,183.44
Pixels,Pixels,78.75
Planet Terror,Planet Terror,
Point Break,Point Break,28.77
Pompeii,Pompeii,23.22
Popstar: Never Stop Never Stopping,Popstar: Never Stop Never Stopping,9.39
Precious,Precious,47.54
Predators,Predators,52
Predestination,Predestination,
Pride and Prejudice and Zombies,Pride and Prejudice and Zombies,10.91
Prince of Persia: The Sands of Time,Prince of Persia: The Sands of Time,90.76
Prisoners,Prisoners,60.96
Project X,Project X,54.72
Prometheus,Prometheus,126.46
Public Enemies,Public Enemies,97.03
Quantum of Solace,Quantum of Solace,168.37
Queen of Katwe,Queen of Katwe,8.81
RED,RED,90.36
Rambo,Rambo,42.72
Ratatouille,Ratatouille,206.44
Raw (II),Raw (II),0.51
Real Steel,Real Steel,85.46
Realive,Realive,
Red Dawn,Red Dawn,44.8
Regression,Regression,0.05
Relatos salvajes,Relatos salvajes,3.08
Remember Me,Remember Me,19.06
Rescue Dawn,Rescue Dawn,5.48
Resident Evil: Afterlife,Resident Evil: Afterlife,60.13
Resident Evil: Retribution,Resident Evil: Retribution,42.35
Resident Evil: The Final Chapter,Resident Evil: The Final Chapter,26.84
Revolutionary Road,Revolutionary Road,22.88
Riddick,Riddick,42
Rio,Rio,143.62
Rise of the Planet of the Apes,Rise of the Planet of the Apes,176.74
Robin Hood,Robin Hood,105.22
RoboCop,RoboCop,58.61
Rock Dog,Rock Dog,9.4
Rock of Ages,Rock of Ages,38.51
RocknRolla,RocknRolla,5.69
Rocky Balboa,Rocky Balboa,70.27
Rogue One,Rogue One,532.17
Room,Room,14.68
Rules Don't Apply,Rules Don't Apply,3.65
Rupture,Rupture,
Rush,Rush,26.9
Safe Haven,Safe Haven,71.35
Salt,Salt,118.31
San Andreas,San Andreas,155.18
Satanic,Satanic,
Sausage Party,Sausage Party,97.66
Savages,Savages,47.31
Saving Mr. Banks,Saving Mr. Banks,83.3
Scott Pilgrim vs. the World,Scott Pilgrim vs. the World,31.49
Scouts Guide to the Zombie Apocalypse,Scouts Guide to the Zombie Apocalypse,3.64
Scream 4,Scream 4,38.18
Search Party,Search Party,
Secret in Their Eyes,Secret in Their Eyes,
Self/less,Self/less,12.28
Selma,Selma,52.07
Seven Pounds,Seven Pounds,69.95
Seven Psychopaths,Seven Psychopaths,14.99
Seventh Son,Seventh Son,17.18
Sex Tape,Sex Tape,38.54
Sex and the City,Sex and the City,152.64
Sex and the City 2,Sex and the City 2,95.33
Shame,Shame,4
She's Out of My League,She's Out of My League,31.58
She's the Man,She's the Man,2.34
Sherlock Holmes,Sherlock Holmes,209.02
Sherlock Holmes: A Game of Shadows,Sherlock Holmes: A Game of Shadows,186.83
Shin Gojira,Shin Gojira,1.91
Shooter,Shooter,46.98
Shut In,Shut In,6.88
Shutter Island,Shutter Island,127.97
Sicario,Sicario,46.88
Silence,Silence,7.08
Silent Hill,Silent Hill,46.98
Silver Linings Playbook,Silver Linings Playbook,132.09
Sin City: A Dame to Kill For,Sin City: A Dame to Kill For,13.75
Sing,Sing,270.32
Sing Street,Sing Street,3.23
Sinister,Sinister,48.06
Sisters,Sisters,87.03
Skyfall,Skyfall,304.36
Sleeping Beauty,Sleeping Beauty,0.03
Sleeping with Other People,Sleeping with Other People,0.81
Sleight,Sleight,3.85
Slither,Slither,7.77
Slumdog Millionaire,Slumdog Millionaire,141.32
Snakes on a Plane,Snakes on a Plane,34.01
Snow White and the Huntsman,Snow White and the Huntsman,155.11
Snowden,Snowden,21.48
Snowpiercer,Snowpiercer,4.56
Solace,Solace,
Source Code,Source Code,54.7
Southpaw,Southpaw,52.42
Spectral,Spectral,
Spectre,Spectre,200.07
Spider-Man 3,Spider-Man 3,336.53
Split,Split,138.12
Spotlight,Spotlight,44.99
Spring Breakers,Spring Breakers,14.12
Spy,Spy,110.82
Srpski film,Srpski film,
Stake Land,Stake Land,0.02
Star Trek,Star Trek,257.7
Star Trek Beyond,Star Trek Beyond,158.8
Star Trek Into Darkness,Star Trek Into Darkness,228.76
Star Wars: Episode VII - The Force Awakens,Star Wars: Episode VII - The Force Awakens,936.63
Stardust,Stardust,38.35
Step Brothers,Step Brothers,100.47
Step Up,Step Up,65.27
Step Up 2: The Streets,Step Up 2: The Streets,58.01
Steve Jobs,Steve Jobs,17.75
Storks,Storks,72.66
Straight Outta Compton,Straight Outta Compton,161.03
Sucker Punch,Sucker Punch,36.38
Suicide Squad,Suicide Squad,325.02
Suite Fran̤aise,Suite Fran̤aise,
Sully,Sully,125.07
Sunshine,Sunshine,3.68
Super,Super,0.32
Super 8,Super 8,126.98
Superbad,Superbad,121.46
Superman Returns,Superman Returns,200.07
Sweeney Todd: The Demon Barber of Fleet Street,Sweeney Todd: The Demon Barber of Fleet Street,52.88
Swiss Army Man,Swiss Army Man,4.21
Taare Zameen Par,Taare Zameen Par,1.2
Take Me Home Tonight,Take Me Home Tonight,6.92
Taken,Taken,145
Taken 3,Taken 3,89.25
Tall Men,Tall Men,
Talladega Nights: The Ballad of Ricky Bobby,Talladega Nights: The Ballad of Ricky Bobby,148.21
Tangled,Tangled,200.81
Ted,Ted,218.63
Ted 2,Ted 2,81.26
Teenage Mutant Ninja Turtles,Teenage Mutant Ninja Turtles,190.87
Teenage Mutant Ninja Turtles: Out of the Shadows,Teenage Mutant Ninja Turtles: Out of the Shadows,0.54
Terminator Genisys,Terminator Genisys,89.73
Terminator Salvation,Terminator Salvation,125.32
Texas Chainsaw 3D,Texas Chainsaw 3D,34.33
That Awkward Moment,That Awkward Moment,26.05
The 5th Wave,The 5th Wave,34.91
The 9th Life of Louis Drax,The 9th Life of Louis Drax,
The A-Team,The A-Team,77.21
The Accountant,The Accountant,86.2
The Adjustment Bureau,The Adjustment Bureau,62.45
The Age of Adaline,The Age of Adaline,42.48
The Age of Shadows,The Age of Shadows,0.54
The Amazing Spider-Man,The Amazing Spider-Man,262.03
The Amazing Spider-Man 2,The Amazing Spider-Man 2,202.85
The Assassination of Jesse James by the Coward Robert Ford,The Assassination of Jesse James by the Coward Robert Ford,3.9
The Assignment,The Assignment,
The Autopsy of Jane Doe,The Autopsy of Jane Doe,
The Avengers,The Avengers,623.28
The BFG,The BFG,55.47
The Babadook,The Babadook,0.92
The Babysitters,The Babysitters,0.04
The Bad Batch,The Bad Batch,
The Belko Experiment,The Belko Experiment,10.16
The Best of Me,The Best of Me,26.76
The Big Short,The Big Short,70.24
The Black Room,The Black Room,
The Blackcoat's Daughter,The Blackcoat's Daughter,0.02
The Blind Side,The Blind Side,255.95
The Book of Eli,The Book of Eli,94.82
The Book of Life,The Book of Life,50.15
The Boss,The Boss,63.03
The Bourne Legacy,The Bourne Legacy,113.17
The Bourne Ultimatum,The Bourne Ultimatum,227.14
The Boy,The Boy,35.79
The Boy Next Door,The Boy Next Door,35.39
The Boy in the Striped Pyjamas,The Boy in the Striped Pyjamas,9.03
The Break-Up,The Break-Up,118.68
The Butler,The Butler,116.63
The Cabin in the Woods,The Cabin in the Woods,42.04
The Choice,The Choice,18.71
The Comedian,The Comedian,1.66
The Conjuring,The Conjuring,137.39
The Conjuring 2,The Conjuring 2,102.46
The Counselor,The Counselor,16.97
The Curious Case of Benjamin Button,The Curious Case of Benjamin Button,127.49
The DUFF,The DUFF,34.02
The Da Vinci Code,The Da Vinci Code,217.54
The Danish Girl,The Danish Girl,12.71
The Dark Knight,The Dark Knight,533.32
The Dark Knight Rises,The Dark Knight Rises,448.13
The Daughter,The Daughter,0.03
The Departed,The Departed,132.37
The Descendants,The Descendants,82.62
The Devil Wears Prada,The Devil Wears Prada,124.73
The Dictator,The Dictator,59.62
The Disappointments Room,The Disappointments Room,2.41
The Do-Over,The Do-Over,0.54
The Dressmaker,The Dressmaker,2.02
The Drop,The Drop,10.72
The Edge of Seventeen,The Edge of Seventeen,14.26
The Equalizer,The Equalizer,101.53
The Escort,The Escort,
The Exception,The Exception,
The Expendables,The Expendables,102.98
The Expendables 2,The Expendables 2,85.02
The Expendables 3,The Expendables 3,39.29
The Fall,The Fall,2.28
The Family,The Family,36.92
The Fast and the Furious: Tokyo Drift,The Fast and the Furious: Tokyo Drift,62.49
The Fault in Our Stars,The Fault in Our Stars,124.87
The Fighter,The Fighter,93.57
The Finest Hours,The Finest Hours,27.55
The First Time,The First Time,0.02
The Founder,The Founder,12.79
The Fountain,The Fountain,10.14
The Gambler,The Gambler,33.63
The Ghost Writer,The Ghost Writer,15.52
The Gift,The Gift,43.77
The Girl Next Door,The Girl Next Door,
The Girl on the Train,The Girl on the Train,75.31
The Girl with All the Gifts,The Girl with All the Gifts,
The Girl with the Dragon Tattoo,The Girl with the Dragon Tattoo,102.52
The Giver,The Giver,45.09
The Golden Compass,The Golden Compass,70.08
The Grand Budapest Hotel,The Grand Budapest Hotel,59.07
The Great Gatsby,The Great Gatsby,144.81
The Great Wall,The Great Wall,45.13
The Green Inferno,The Green Inferno,7.19
The Guest,The Guest,0.32
The Gunman,The Gunman,10.64
The Hangover,The Hangover,277.31
The Happening,The Happening,64.51
The Hateful Eight,The Hateful Eight,54.12
The Headhunter's Calling,The Headhunter's Calling,
The Heartbreak Kid,The Heartbreak Kid,36.77
The Heat,The Heat,159.58
The Help,The Help,169.71
The Hills Have Eyes,The Hills Have Eyes,41.78
The Hobbit: An Unexpected Journey,The Hobbit: An Unexpected Journey,303
The Hobbit: The Battle of the Five Armies,The Hobbit: The Battle of the Five Armies,255.11
The Hobbit: The Desolation of Smaug,The Hobbit: The Desolation of Smaug,258.36
The Hollars,The Hollars,1.02
The Host,The Host,2.2
The House Bunny,The House Bunny,48.24
The Human Centipede (First Sequence),The Human Centipede (First Sequence),0.18
The Hunger Games,The Hunger Games,408
The Hunger Games: Catching Fire,The Hunger Games: Catching Fire,424.65
The Hunger Games: Mockingjay - Part 1,The Hunger Games: Mockingjay - Part 1,337.1
The Hunger Games: Mockingjay - Part 2,The Hunger Games: Mockingjay - Part 2,281.67
The Huntsman: Winter's War,The Huntsman: Winter's War,47.95
The Hurt Locker,The Hurt Locker,15.7
The Illusionist,The Illusionist,39.83
The Imaginarium of Doctor Parnassus,The Imaginarium of Doctor Parnassus,7.69
The Imitation Game,The Imitation Game,91.12
The Incredible Hulk,The Incredible Hulk,134.52
The Infiltrator,The Infiltrator,15.43
The Intent,The Intent,
The Intern,The Intern,75.27
The Internship,The Internship,44.67
The Interview,The Interview,6.11
The Intouchables,The Intouchables,13.18
The Invitation,The Invitation,0.23
The Judge,The Judge,47.11
The Jungle Book,The Jungle Book,364
The Karate Kid,The Karate Kid,176.59
The King's Speech,The King's Speech,138.8
The Kings of Summer,The Kings of Summer,1.29
The Last Airbender,The Last Airbender,
The Last Face,The Last Face,
The Last Witch Hunter,The Last Witch Hunter,27.36
The Legend of Tarzan,The Legend of Tarzan,126.59
The Lego Movie,The Lego Movie,257.76
The Levelling,The Levelling,
The Light Between Oceans,The Light Between Oceans,12.53
The Lives of Others,The Lives of Others,11.28
The Lobster,The Lobster,8.7
The Loft,The Loft,5.98
The Lone Ranger,The Lone Ranger,89.29
The Longest Ride,The Longest Ride,37.43
The Lost City of Z,The Lost City of Z,8.01
The Love Witch,The Love Witch,0.22
The Lovely Bones,The Lovely Bones,43.98
The Lucky One,The Lucky One,60.44
The Magnificent Seven,The Magnificent Seven,93.38
The Man Who Knew Infinity,The Man Who Knew Infinity,3.86
The Man from U.N.C.L.E.,The Man from U.N.C.L.E.,45.43
The Martian,The Martian,228.43
The Master,The Master,16.38
The Matchbreaker,The Matchbreaker,
The Maze Runner,The Maze Runner,102.41
The Midnight Meat Train,The Midnight Meat Train,0.07
The Mist,The Mist,25.59
The Mortal Instruments: City of Bones,The Mortal Instruments: City of Bones,31.17
The Mummy: Tomb of the Dragon Emperor,The Mummy: Tomb of the Dragon Emperor,102.18
The Neighbor,The Neighbor,
The Neon Demon,The Neon Demon,1.33
The Nice Guys,The Nice Guys,36.25
The Other Boleyn Girl,The Other Boleyn Girl,26.81
The Other Guys,The Other Guys,119.22
The Other Woman,The Other Woman,83.91
The Perks of Being a Wallflower,The Perks of Being a Wallflower,17.74
The Place Beyond the Pines,The Place Beyond the Pines,21.38
The Prestige,The Prestige,53.08
The Princess and the Frog,The Princess and the Frog,104.37
The Promise,The Promise,
The Proposal,The Proposal,163.95
The Purge,The Purge,64.42
The Purge: Election Year,The Purge: Election Year,79
The Pursuit of Happyness,The Pursuit of Happyness,162.59
The Revenant,The Revenant,183.64
The Ridiculous 6,The Ridiculous 6,
The Rise of the Krays,The Rise of the Krays,6.53
The Road,The Road,0.06
The Sea of Trees,The Sea of Trees,0.02
The Secret Life of Pets,The Secret Life of Pets,368.31
The Secret Life of Walter Mitty,The Secret Life of Walter Mitty,58.23
The Secret Scripture,The Secret Scripture,
The Shallows,The Shallows,55.12
The Siege of Jadotville,The Siege of Jadotville,
The Skin I Live In,The Skin I Live In,3.19
The Social Network,The Social Network,96.92
The Spectacular Now,The Spectacular Now,6.85
The Stakelander,The Stakelander,
The Stanford Prison Experiment,The Stanford Prison Experiment,0.64
The Strangers,The Strangers,52.53
The Survivalist,The Survivalist,
The Theory of Everything,The Theory of Everything,35.89
The Thinning,The Thinning,
The Three Musketeers,The Three Musketeers,20.32
The Ticket,The Ticket,
The Town,The Town,92.17
The Tree of Life,The Tree of Life,13.3
The Twilight Saga: Breaking Dawn - Part 1,The Twilight Saga: Breaking Dawn - Part 1,281.28
The Twilight Saga: Breaking Dawn - Part 2,The Twilight Saga: Breaking Dawn - Part 2,292.3
The Twilight Saga: Eclipse,The Twilight Saga: Eclipse,300.52
The Ugly Truth,The Ugly Truth,88.92
The VVitch: A New-England Folktale,The VVitch: A New-England Folktale,25.14
The Visit,The Visit,65.07
The Void,The Void,0.15
The Walk,The Walk,10.14
The Warriors Gate,The Warriors Gate,
The Whole Truth,The Whole Truth,
The Wolf of Wall Street,The Wolf of Wall Street,116.87
The Wolverine,The Wolverine,132.55
The World's End,The World's End,26
The imposible,The imposible,19
Their Finest,Their Finest,3.18
There Will Be Blood,There Will Be Blood,40.22
This Beautiful Fantastic,This Beautiful Fantastic,
This Is 40,This Is 40,67.52
This Is the End,This Is the End,101.47
This Means War,This Means War,54.76
Thor,Thor,181.02
Thor: The Dark World,Thor: The Dark World,206.36
Tinker Tailor Soldier Spy,Tinker Tailor Soldier Spy,24.1
To Rome with Love,To Rome with Love,16.68
Tomorrowland,Tomorrowland,93.42
Toni Erdmann,Toni Erdmann,1.48
Total Recall,Total Recall,58.88
Toy Story 3,Toy Story 3,414.98
Tracktown,Tracktown,
Trainwreck,Trainwreck,110.01
Tramps,Tramps,
Trance,Trance,2.32
Transcendence,Transcendence,23.01
Transformers,Transformers,318.76
Transformers: Age of Extinction,Transformers: Age of Extinction,245.43
Transformers: Dark of the Moon,Transformers: Dark of the Moon,352.36
Transformers: Revenge of the Fallen,Transformers: Revenge of the Fallen,402.08
Transpecos,Transpecos,
Triangle,Triangle,
Triple 9,Triple 9,12.63
Trolls,Trolls,153.69
Tron,Tron,172.05
Tropic Thunder,Tropic Thunder,110.42
True Crimes,True Crimes,
True Grit,True Grit,171.03
Trust,Trust,0.06
Turbo Kid,Turbo Kid,0.05
Tusk,Tusk,1.82
Twilight,Twilight,191.45
Twin Peaks: The Missing Pieces,Twin Peaks: The Missing Pieces,
USS Indianapolis: Men of Courage,USS Indianapolis: Men of Courage,
Unbroken,Unbroken,115.6
Under the Skin,Under the Skin,2.61
Underworld Awakening,Underworld Awakening,62.32
Underworld: Blood Wars,Underworld: Blood Wars,30.35
Underworld: Rise of the Lycans,Underworld: Rise of the Lycans,45.8
Unfriended,Unfriended,31.54
Unknown,Unknown,61.09
Unstoppable,Unstoppable,81.56
Up,Up,292.98
Up in the Air,Up in the Air,83.81
Vacation,Vacation,58.88
Vampire Academy,Vampire Academy,7.79
Vicky Cristina Barcelona,Vicky Cristina Barcelona,23.21
Victor Frankenstein,Victor Frankenstein,5.77
Viking,Viking,23.05
Vincent N Roxxy,Vincent N Roxxy,
Viral,Viral,
WALL��E,WALL��E,223.81
Wakefield,Wakefield,0.01
Wanted,Wanted,134.57
War Dogs,War Dogs,43.02
War on Everyone,War on Everyone,
Warcraft,Warcraft,47.17
Warm Bodies,Warm Bodies,66.36
Warrior,Warrior,13.65
Watchmen,Watchmen,107.5
We Are Your Friends,We Are Your Friends,3.59
We Need to Talk About Kevin,We Need to Talk About Kevin,1.74
We're the Millers,We're the Millers,150.37
What If,What If,3.45
What We Do in the Shadows,What We Do in the Shadows,3.33
What to Expect When You're Expecting,What to Expect When You're Expecting,41.1
What's Your Number?,What's Your Number?,13.99
Whiplash,Whiplash,13.09
Whiskey Tango Foxtrot,Whiskey Tango Foxtrot,
Whisky Galore,Whisky Galore,
White Girl,White Girl,0.2
White House Down,White House Down,73.1
Why Him?,Why Him?,60.31
Wild,Wild,37.88
Winter's Bone,Winter's Bone,
Wolves at the Door,Wolves at the Door,
Woman in Gold,Woman in Gold,33.31
World War Z,World War Z,202.35
Wrath of the Titans,Wrath of the Titans,83.64
Wreck-It Ralph,Wreck-It Ralph,189.41
Wrecker,Wrecker,
X-Men Origins: Wolverine,X-Men Origins: Wolverine,179.88
X-Men: Apocalypse,X-Men: Apocalypse,155.33
X-Men: Days of Future Past,X-Men: Days of Future Past,233.91
X-Men: The Last Stand,X-Men: The Last Stand,234.36
X: First Class,X: First Class,146.41
Yoga Hosers,Yoga Hosers,
You Don't Mess with the Zohan,You Don't Mess with the Zohan,100.02
Your Highness,Your Highness,21.56
Youth,Youth,2.7
Zack and Miri Make a Porno,Zack and Miri Make a Porno,31.45
Zero Dark Thirty,Zero Dark Thirty,95.72
Zipper,Zipper,
Zodiac,Zodiac,33.05
Zombieland,Zombieland,75.59
Zoolander 2,Zoolander 2,28.84
Zootopia,Zootopia,341.26