Id,Label
Guardians of the Galaxy,Guardians of the Galaxy
Prometheus,Prometheus
Bahubali: The Beginning,Bahubali: The Beginning
Interstellar,Interstellar
5/25/77,5/25/77
Pirates of the Caribbean: On Stranger Tides,Pirates of the Caribbean: On Stranger Tides
Star Wars: Episode VII - The Force Awakens,Star Wars: Episode VII - The Force Awakens
John Wick,John Wick
The Dark Knight,The Dark Knight
Fifty Shades of Grey,Fifty Shades of Grey
The Prestige,The Prestige
Kingsman: The Secret Service,Kingsman: The Secret Service
Mad Max: Fury Road,Mad Max: Fury Road
Pirates of the Caribbean: At World's End,Pirates of the Caribbean: At World's End
The Avengers,The Avengers
Inglourious Basterds,Inglourious Basterds
Pirates of the Caribbean: Dead Man's Chest,Pirates of the Caribbean: Dead Man's Chest
Inception,Inception
The Wolf of Wall Street,The Wolf of Wall Street
Gone Girl,Gone Girl
Furious Seven,Furious Seven
Jurassic World,Jurassic World
Avatar,Avatar
The Hateful Eight,The Hateful Eight
Prisoners,Prisoners
The Help,The Help
Avengers: Age of Ultron,Avengers: Age of Ultron
The Departed,The Departed
Legend,Legend
Thor,Thor
The Martian,The Martian
The Man from U.N.C.L.E.,The Man from U.N.C.L.E.
Ex Machina,Ex Machina
12 Years a Slave,12 Years a Slave
300,300
Harry Potter and the Deathly Hallows: Part 2,Harry Potter and the Deathly Hallows: Part 2
Divergent,Divergent
The Dark Knight Rises,The Dark Knight Rises
Transformers: Age of Extinction,Transformers: Age of Extinction
Mamma Mia!,Mamma Mia!
The Revenant,The Revenant
Into the Woods,Into the Woods
Whiplash,Whiplash
Furious 6,Furious 6
The Place Beyond the Pines,The Place Beyond the Pines
No Country for Old Men,No Country for Old Men
The Great Gatsby,The Great Gatsby
Shutter Island,Shutter Island
Star Trek,Star Trek
Diary of a Wimpy Kid,Diary of a Wimpy Kid
The Big Short,The Big Short
Room,Room
Django Unchained,Django Unchained
Watchmen,Watchmen
Superbad,Superbad
The Hunger Games,The Hunger Games
Sicario,Sicario
Twin Peaks: The Missing Pieces,Twin Peaks: The Missing Pieces
Aliens vs Predator - Requiem,Aliens vs Predator - Requiem
Pacific Rim,Pacific Rim
"Crazy, Stupid, Love.","Crazy, Stupid, Love."
Scott Pilgrim vs. the World,Scott Pilgrim vs. the World
Hot Fuzz,Hot Fuzz
X-Men: Days of Future Past,X-Men: Days of Future Past
Casino Royale,Casino Royale
Twilight,Twilight
Woman in Gold,Woman in Gold
Spectre,Spectre
Nightcrawler,Nightcrawler
Her,Her
Frozen,Frozen
Tomorrowland,Tomorrowland
Dawn of the Planet of the Apes,Dawn of the Planet of the Apes
Tropic Thunder,Tropic Thunder
Ant-Man,Ant-Man
The VVitch: A New-England Folktale,The VVitch: A New-England Folktale
Cinderella,Cinderella
Love,Love
Crimson Peak,Crimson Peak
Drive,Drive
Trainwreck,Trainwreck
Spotlight,Spotlight
Warrior,Warrior
Captain America: The First Avenger,Captain America: The First Avenger
Into the Wild,Into the Wild
The Imitation Game,The Imitation Game
Edge of Tomorrow,Edge of Tomorrow
Iron Man,Iron Man
X: First Class,X: First Class
Bridesmaids,Bridesmaids
San Andreas,San Andreas
Spring Breakers,Spring Breakers
Transformers,Transformers
Old Boy,Old Boy
Thor: The Dark World,Thor: The Dark World
Captain America: The Winter Soldier,Captain America: The Winter Soldier
Kick-Ass,Kick-Ass
Hardcore Henry,Hardcore Henry
Cars,Cars
It Follows,It Follows
The Girl with the Dragon Tattoo,The Girl with the Dragon Tattoo
We're the Millers,We're the Millers
The Lobster,The Lobster
Predators,Predators
Maleficent,Maleficent
Pan's Labyrinth,Pan's Labyrinth
Apocalypto,Apocalypto
Mission: Impossible - Rogue Nation,Mission: Impossible - Rogue Nation
The Perks of Being a Wallflower,The Perks of Being a Wallflower
The Grand Budapest Hotel,The Grand Budapest Hotel
The Host,The Host
Fury,Fury
Inside Out,Inside Out
Terminator Genisys,Terminator Genisys
Percy Jackson & the Olympians: The Lightning Thief,Percy Jackson & the Olympians: The Lightning Thief
Les Misí©rables,Les Misí©rables
Children of Men,Children of Men
Spy,Spy
The Intouchables,The Intouchables
Kynodontas,Kynodontas
Straight Outta Compton,Straight Outta Compton
The Amazing Spider-Man 2,The Amazing Spider-Man 2
The Conjuring,The Conjuring
The Hangover,The Hangover
Battleship,Battleship
Rise of the Planet of the Apes,Rise of the Planet of the Apes
Birdman or (The Unexpected Virtue of Ignorance),Birdman or (The Unexpected Virtue of Ignorance)
Black Swan,Black Swan
Dear White People,Dear White People
Nymphomaniac: Vol. I,Nymphomaniac: Vol. I
Knock Knock,Knock Knock
Cloud Atlas,Cloud Atlas
X-Men Origins: Wolverine,X-Men Origins: Wolverine
Skyfall,Skyfall
The Hobbit: An Unexpected Journey,The Hobbit: An Unexpected Journey
21 Jump Street,21 Jump Street
Oblivion,Oblivion
22 Jump Street,22 Jump Street
Zodiac,Zodiac
Iron Man Three,Iron Man Three
Now You See Me,Now You See Me
Sherlock Holmes,Sherlock Holmes
Death Proof,Death Proof
The Danish Girl,The Danish Girl
Hercules,Hercules
Sucker Punch,Sucker Punch
Jupiter Ascending,Jupiter Ascending
Pitch Perfect,Pitch Perfect
Man of Steel,Man of Steel
The Devil Wears Prada,The Devil Wears Prada
There Will Be Blood,There Will Be Blood
The Equalizer,The Equalizer
Lone Survivor,Lone Survivor
The Cabin in the Woods,The Cabin in the Woods
The House Bunny,The House Bunny
She's Out of My League,She's Out of My League
Inherent Vice,Inherent Vice
The Fast and the Furious: Tokyo Drift,The Fast and the Furious: Tokyo Drift
The Blind Side,The Blind Side
La vie d'AdíÂle,La vie d'AdíÂle
The Babadook,The Babadook
The Hobbit: The Battle of the Five Armies,The Hobbit: The Battle of the Five Armies
Harry Potter and the Order of the Phoenix,Harry Potter and the Order of the Phoenix
Snowpiercer,Snowpiercer
The Visit,The Visit
Fast Five,Fast Five
Step Up,Step Up
RocknRolla,RocknRolla
In Time,In Time
The Social Network,The Social Network
The Last Witch Hunter,The Last Witch Hunter
Victor Frankenstein,Victor Frankenstein
Green Room,Green Room
Blackhat,Blackhat
American Sniper,American Sniper
Dallas Buyers Club,Dallas Buyers Club
Lincoln,Lincoln
Rush,Rush
Silver Linings Playbook,Silver Linings Playbook
The Fault in Our Stars,The Fault in Our Stars
Blended,Blended
Fast & Furious,Fast & Furious
Looper,Looper
White House Down,White House Down
Spider-Man 3,Spider-Man 3
The Three Musketeers,The Three Musketeers
Stardust,Stardust
American Hustle,American Hustle
Jennifer's Body,Jennifer's Body
Midnight in Paris,Midnight in Paris
Joy,Joy
The Dressmaker,The Dressmaker
Insurgent,Insurgent
Seventh Son,Seventh Son
The Theory of Everything,The Theory of Everything
This Is the End,This Is the End
About Time,About Time
Step Brothers,Step Brothers
Clown,Clown
Star Trek Into Darkness,Star Trek Into Darkness
Zombieland,Zombieland
Slumdog Millionaire,Slumdog Millionaire
The Twilight Saga: Breaking Dawn - Part 2,The Twilight Saga: Breaking Dawn - Part 2
The Amazing Spider-Man,The Amazing Spider-Man
The Maze Runner,The Maze Runner
Wanted,Wanted
Black Mass,Black Mass
Creed,Creed
The Expendables 3,The Expendables 3
What We Do in the Shadows,What We Do in the Shadows
Southpaw,Southpaw
Bridge of Spies,Bridge of Spies
The Lego Movie,The Lego Movie
Everest,Everest
Pixels,Pixels
Robin Hood,Robin Hood
The Wolverine,The Wolverine
John Carter,John Carter
The Gunman,The Gunman
Steve Jobs,Steve Jobs
Grown Ups 2,Grown Ups 2
The Age of Adaline,The Age of Adaline
The Incredible Hulk,The Incredible Hulk
Couples Retreat,Couples Retreat
Absolutely Anything,Absolutely Anything
Magic Mike,Magic Mike
Minions,Minions
Bronson,Bronson
Despicable Me,Despicable Me
The Best of Me,The Best of Me
The Invitation,The Invitation
Zero Dark Thirty,Zero Dark Thirty
Tangled,Tangled
The Hunger Games: Mockingjay - Part 2,The Hunger Games: Mockingjay - Part 2
Vacation,Vacation
Taken,Taken
Pitch Perfect 2,Pitch Perfect 2
Monsters University,Monsters University
Tusk,Tusk
Atonement,Atonement
Harry Potter and the Deathly Hallows: Part 1,Harry Potter and the Deathly Hallows: Part 1
Shame,Shame
Hanna,Hanna
The Babysitters,The Babysitters
300: Rise of an Empire,300: Rise of an Empire
The Curious Case of Benjamin Button,The Curious Case of Benjamin Button
Sin City: A Dame to Kill For,Sin City: A Dame to Kill For
The Bourne Ultimatum,The Bourne Ultimatum
Srpski film,Srpski film
3 Idiots,3 Idiots
World War Z,World War Z
Mission: Impossible - Ghost Protocol,Mission: Impossible - Ghost Protocol
Filth,Filth
The Longest Ride,The Longest Ride
The imposible,The imposible
Kick-Ass 2,Kick-Ass 2
Oz the Great and Powerful,Oz the Great and Powerful
Brooklyn,Brooklyn
Coraline,Coraline
Blue Valentine,Blue Valentine
Silent Hill,Silent Hill
Dredd,Dredd
Big Hero 6,Big Hero 6
Carrie,Carrie
Iron Man 2,Iron Man 2
Demolition,Demolition
Pandorum,Pandorum
Olympus Has Fallen,Olympus Has Fallen
I Am Number Four,I Am Number Four
Jagten,Jagten
The Proposal,The Proposal
Get Hard,Get Hard
Just Go with It,Just Go with It
Revolutionary Road,Revolutionary Road
The Town,The Town
Predestination,Predestination
Goosebumps,Goosebumps
Sherlock Holmes: A Game of Shadows,Sherlock Holmes: A Game of Shadows
Salt,Salt
Enemy,Enemy
District 9,District 9
The Other Guys,The Other Guys
American Gangster,American Gangster
Marie Antoinette,Marie Antoinette
2012,2012
Harry Potter and the Half-Blood Prince,Harry Potter and the Half-Blood Prince
Argo,Argo
The Lives of Others,The Lives of Others
Macbeth,Macbeth
Forgetting Sarah Marshall,Forgetting Sarah Marshall
The Giver,The Giver
Moonrise Kingdom,Moonrise Kingdom
Hairspray,Hairspray
Safe Haven,Safe Haven
Focus,Focus
Ratatouille,Ratatouille
Stake Land,Stake Land
The Book of Eli,The Book of Eli
Cloverfield,Cloverfield
Point Break,Point Break
Under the Skin,Under the Skin
I Am Legend,I Am Legend
Men in Black 3,Men in Black 3
Super 8,Super 8
Law Abiding Citizen,Law Abiding Citizen
Up,Up
Maze Runner: The Scorch Trials,Maze Runner: The Scorch Trials
Carol,Carol
Youth,Youth
Mr. Nobody,Mr. Nobody
Savages,Savages
(500) Days of Summer,(500) Days of Summer
Movie 43,Movie 43
Gravity,Gravity
The Boy in the Striped Pyjamas,The Boy in the Striped Pyjamas
Shooter,Shooter
The Happening,The Happening
Bone Tomahawk,Bone Tomahawk
Magic Mike XXL,Magic Mike XXL
Easy A,Easy A
Exodus: Gods and Kings,Exodus: Gods and Kings
Chappie,Chappie
The Hobbit: The Desolation of Smaug,The Hobbit: The Desolation of Smaug
Half of a Yellow Sun,Half of a Yellow Sun
The Counselor,The Counselor
Trust,Trust
Elysium,Elysium
The Green Inferno,The Green Inferno
Godzilla,Godzilla
The Bourne Legacy,The Bourne Legacy
A Good Year,A Good Year
Deja Vu,Deja Vu
Lucy,Lucy
Need for Speed,Need for Speed
Jack Reacher,Jack Reacher
The Ghost Writer,The Ghost Writer
Limitless,Limitless
P.S. I Love You,P.S. I Love You
Zipper,Zipper
Alice in Wonderland,Alice in Wonderland
The Break-Up,The Break-Up
Fantastic Four,Fantastic Four
The Survivalist,The Survivalist
Colonia,Colonia
The Boy Next Door,The Boy Next Door
The Gift,The Gift
Dracula Untold,Dracula Untold
In the Heart of the Sea,In the Heart of the Sea
Idiocracy,Idiocracy
The Expendables,The Expendables
Evil Dead,Evil Dead
Sinister,Sinister
Wreck-It Ralph,Wreck-It Ralph
Snow White and the Huntsman,Snow White and the Huntsman
Pan,Pan
Transformers: Dark of the Moon,Transformers: Dark of the Moon
Juno,Juno
The Other Woman,The Other Woman
Enchanted,Enchanted
The Intern,The Intern
Little Miss Sunshine,Little Miss Sunshine
Clash of the Titans,Clash of the Titans
Tron,Tron
The Hunger Games: Catching Fire,The Hunger Games: Catching Fire
All Good Things,All Good Things
The Last Airbender,The Last Airbender
Sex Tape,Sex Tape
What to Expect When You're Expecting,What to Expect When You're Expecting
Moneyball,Moneyball
Ghost Rider,Ghost Rider
Unbroken,Unbroken
Immortals,Immortals
Sunshine,Sunshine
Brave,Brave
M•À__n som hatar kvinnor,M•À__n som hatar kvinnor
Adoration,Adoration
The Drop,The Drop
She's the Man,She's the Man
Daddy's Home,Daddy's Home
Let Me In,Let Me In
Never Back Down,Never Back Down
Moon,Moon
Megamind,Megamind
Gangster Squad,Gangster Squad
He's Just Not That Into You,He's Just Not That Into You
The Rise of the Krays,The Rise of the Krays
Winter's Bone,Winter's Bone
Horrible Bosses,Horrible Bosses
Mommy,Mommy
Hellboy II: The Golden Army,Hellboy II: The Golden Army
Beautiful Creatures,Beautiful Creatures
The Lovely Bones,The Lovely Bones
The Assassination of Jesse James by the Coward Robert Ford,The Assassination of Jesse James by the Coward Robert Ford
Don Jon,Don Jon
Mr. Right,Mr. Right
The Secret Life of Walter Mitty,The Secret Life of Walter Mitty
Dope,Dope
Underworld Awakening,Underworld Awakening
Antichrist,Antichrist
Friday the 13th,Friday the 13th
Taken 3,Taken 3
Total Recall,Total Recall
X-Men: The Last Stand,X-Men: The Last Stand
Night at the Museum: Secret of the Tomb,Night at the Museum: Secret of the Tomb
Love & Other Drugs,Love & Other Drugs
The Interview,The Interview
The Host 2,The Host 2
Megan Is Missing,Megan Is Missing
WALL•À_•À_E,WALL•À_•À_E
Knocked Up,Knocked Up
Source Code,Source Code
Lawless,Lawless
Unfriended,Unfriended
American Reunion,American Reunion
The Pursuit of Happyness,The Pursuit of Happyness
Relatos salvajes,Relatos salvajes
The Ridiculous 6,The Ridiculous 6
Gran Torino,Gran Torino
Burnt,Burnt
Sleeping Beauty,Sleeping Beauty
Vampire Academy,Vampire Academy
Sweeney Todd: The Demon Barber of Fleet Street,Sweeney Todd: The Demon Barber of Fleet Street
Solace,Solace
Insidious,Insidious
Public Enemies,Public Enemies
Boyhood,Boyhood
Teenage Mutant Ninja Turtles,Teenage Mutant Ninja Turtles
Eastern Promises,Eastern Promises
The Daughter,The Daughter
Pineapple Express,Pineapple Express
The First Time,The First Time
Gone Baby Gone,Gone Baby Gone
The Heat,The Heat
Anna Karenina,Anna Karenina
Regression,Regression
Ted 2,Ted 2
Pain & Gain,Pain & Gain
Blood Diamond,Blood Diamond
Devil's Knot,Devil's Knot
Child 44,Child 44
The Hurt Locker,The Hurt Locker
Green Lantern,Green Lantern
The Mist,The Mist
Escape Plan,Escape Plan
"Love, Rosie","Love, Rosie"
The DUFF,The DUFF
The Hunger Games: Mockingjay - Part 1,The Hunger Games: Mockingjay - Part 1
We Need to Talk About Kevin,We Need to Talk About Kevin
The Mortal Instruments: City of Bones,The Mortal Instruments: City of Bones
Seven Pounds,Seven Pounds
The King's Speech,The King's Speech
Hunger,Hunger
Jumper,Jumper
Toy Story 3,Toy Story 3
Tinker Tailor Soldier Spy,Tinker Tailor Soldier Spy
Resident Evil: Retribution,Resident Evil: Retribution
Pompeii,Pompeii
Life of Pi,Life of Pi
Hachi: A Dog's Tale,Hachi: A Dog's Tale
10 Years,10 Years
I Origins,I Origins
Live Free or Die Hard,Live Free or Die Hard
Funny Games,Funny Games
Ted,Ted
RED,RED
Australia,Australia
Faster,Faster
The Adjustment Bureau,The Adjustment Bureau
The Judge,The Judge
Closed Circuit,Closed Circuit
Transformers: Revenge of the Fallen,Transformers: Revenge of the Fallen
The Book of Life,The Book of Life
Incendies,Incendies
The Heartbreak Kid,The Heartbreak Kid
Happy Feet,Happy Feet
Entourage,Entourage
The Strangers,The Strangers
Noah,Noah
Neighbors,Neighbors
Nymphomaniac: Vol. II,Nymphomaniac: Vol. II
Wild,Wild
Grown Ups,Grown Ups
The Karate Kid,The Karate Kid
Dark Shadows,Dark Shadows
Friends with Benefits,Friends with Benefits
The Illusionist,The Illusionist
The A-Team,The A-Team
The Guest,The Guest
The Internship,The Internship
Paul,Paul
The Da Vinci Code,The Da Vinci Code
Hugo,Hugo
The Blackcoat's Daughter,The Blackcoat's Daughter
Body of Lies,Body of Lies
Knight of Cups,Knight of Cups
The Mummy: Tomb of the Dragon Emperor,The Mummy: Tomb of the Dragon Emperor
El secreto de sus ojos,El secreto de sus ojos
True Grit,True Grit
We Are Your Friends,We Are Your Friends
A Million Ways to Die in the West,A Million Ways to Die in the West
Percy Jackson: Sea of Monsters,Percy Jackson: Sea of Monsters
Fracture,Fracture
Oculus,Oculus
In Bruges,In Bruges
This Means War,This Means War
The Road,The Road
Conan the Barbarian,Conan the Barbarian
The Fighter,The Fighter
August Rush,August Rush
Chef,Chef
Eye in the Sky,Eye in the Sky
Eagle Eye,Eagle Eye
The Purge,The Purge
PK,PK
Ender's Game,Ender's Game
Indiana Jones and the Kingdom of the Crystal Skull,Indiana Jones and the Kingdom of the Crystal Skull
Paper Towns,Paper Towns
High-Rise,High-Rise
Quantum of Solace,Quantum of Solace
How to Train Your Dragon,How to Train Your Dragon
Lady in the Water,Lady in the Water
The Fountain,The Fountain
Cars 2,Cars 2
Final Girl,Final Girl
The Man Who Knew Infinity,The Man Who Knew Infinity
Unknown,Unknown
Self/less,Self/less
Mr. Brooks,Mr. Brooks
Before We Go,Before We Go
Captain Phillips,Captain Phillips
Hotel Transylvania 2,Hotel Transylvania 2
Hancock,Hancock
Sisters,Sisters
The Family,The Family
Zack and Miri Make a Porno,Zack and Miri Make a Porno
Man on a Ledge,Man on a Ledge
No Strings Attached,No Strings Attached
Rescue Dawn,Rescue Dawn
Despicable Me 2,Despicable Me 2
A Walk Among the Tombstones,A Walk Among the Tombstones
The World's End,The World's End
Seven Psychopaths,Seven Psychopaths
Beowulf,Beowulf
Jack Ryan: Shadow Recruit,Jack Ryan: Shadow Recruit
1408,1408
The Gambler,The Gambler
Prince of Persia: The Sands of Time,Prince of Persia: The Sands of Time
The Spectacular Now,The Spectacular Now
Turbo Kid,Turbo Kid
Mama,Mama
Orphan,Orphan
To Rome with Love,To Rome with Love
Fantastic Mr. Fox,Fantastic Mr. Fox
Inside Man,Inside Man
127 Hours,127 Hours
Annabelle,Annabelle
Suite Franí_aise,Suite Franí_aise
The Imaginarium of Doctor Parnassus,The Imaginarium of Doctor Parnassus
G.I. Joe: The Rise of Cobra,G.I. Joe: The Rise of Cobra
Man Down,Man Down
Grindhouse,Grindhouse
Disaster Movie,Disaster Movie
Rocky Balboa,Rocky Balboa
Diary of a Wimpy Kid: Dog Days,Diary of a Wimpy Kid: Dog Days
Jane Eyre,Jane Eyre
Fool's Gold,Fool's Gold
The Dictator,The Dictator
The Loft,The Loft
You Don't Mess with the Zohan,You Don't Mess with the Zohan
Horrible Bosses 2,Horrible Bosses 2
A Bigger Splash,A Bigger Splash
Melancholia,Melancholia
The Princess and the Frog,The Princess and the Frog
Unstoppable,Unstoppable
Flight,Flight
Home,Home
La migliore offerta,La migliore offerta
42,42
21,21
Begin Again,Begin Again
Out of the Furnace,Out of the Furnace
Vicky Cristina Barcelona,Vicky Cristina Barcelona
Kung Fu Panda,Kung Fu Panda
Terminator Salvation,Terminator Salvation
Freedom Writers,Freedom Writers
The Hills Have Eyes,The Hills Have Eyes
Changeling,Changeling
Remember Me,Remember Me
"Alexander and the Terrible, Horrible, No Good, Very Bad Day","Alexander and the Terrible, Horrible, No Good, Very Bad Day"
Locke,Locke
Horns,Horns
The Stanford Prison Experiment,The Stanford Prison Experiment
Diary of a Wimpy Kid: Rodrick Rules,Diary of a Wimpy Kid: Rodrick Rules
Mission: Impossible III,Mission: Impossible III
En man som heter Ove,En man som heter Ove
Dragonball Evolution,Dragonball Evolution
Red Dawn,Red Dawn
One Day,One Day
Life as We Know It,Life as We Know It
28 Weeks Later,28 Weeks Later
Warm Bodies,Warm Bodies
Blue Jasmine,Blue Jasmine
G.I. Joe: Retaliation,G.I. Joe: Retaliation
Wrath of the Titans,Wrath of the Titans
Saving Mr. Banks,Saving Mr. Banks
Transcendence,Transcendence
Rio,Rio
Equals,Equals
Babel,Babel
The Tree of Life,The Tree of Life
The Lucky One,The Lucky One
Piranha 3D,Piranha 3D
50/50,50/50
This Is 40,This Is 40
Real Steel,Real Steel
Sex and the City,Sex and the City
Rambo,Rambo
Planet Terror,Planet Terror
Concussion,Concussion
The Fall,The Fall
The Ugly Truth,The Ugly Truth
Bride Wars,Bride Wars
Sleeping with Other People,Sleeping with Other People
Snakes on a Plane,Snakes on a Plane
What If,What If
How to Train Your Dragon 2,How to Train Your Dragon 2
RoboCop,RoboCop
"Hello, My Name Is Doris","Hello, My Name Is Doris"
Ocean's Thirteen,Ocean's Thirteen
Slither,Slither
Contagion,Contagion
Il racconto dei racconti - Tale of Tales,Il racconto dei racconti - Tale of Tales
Bridge to Terabithia,Bridge to Terabithia
Coherence,Coherence
Notorious,Notorious
The Expendables 2,The Expendables 2
The Girl Next Door,The Girl Next Door
Perfume: The Story of a Murderer,Perfume: The Story of a Murderer
The Golden Compass,The Golden Compass
Centurion,Centurion
Scouts Guide to the Zombie Apocalypse,Scouts Guide to the Zombie Apocalypse
17 Again,17 Again
No Escape,No Escape
Superman Returns,Superman Returns
The Twilight Saga: Breaking Dawn - Part 1,The Twilight Saga: Breaking Dawn - Part 1
Precious,Precious
The Sea of Trees,The Sea of Trees
The Master,The Master
Footloose,Footloose
If I Stay,If I Stay
Talladega Nights: The Ballad of Ricky Bobby,Talladega Nights: The Ballad of Ricky Bobby
The Human Centipede (First Sequence),The Human Centipede (First Sequence)
Super,Super
Up in the Air,Up in the Air
The Midnight Meat Train,The Midnight Meat Train
The Twilight Saga: Eclipse,The Twilight Saga: Eclipse
What's Your Number?,What's Your Number?
Riddick,Riddick
Triangle,Triangle
The Butler,The Butler
After Earth,After Earth
Me and Earl and the Dying Girl,Me and Earl and the Dying Girl
The Descendants,The Descendants
Sex and the City 2,Sex and the City 2
The Kings of Summer,The Kings of Summer
Death Race,Death Race
That Awkward Moment,That Awkward Moment
Legion,Legion
End of Watch,End of Watch
3 Days to Kill,3 Days to Kill
Lucky Number Slevin,Lucky Number Slevin
Trance,Trance
Into the Forest,Into the Forest
The Other Boleyn Girl,The Other Boleyn Girl
I Spit on Your Grave,I Spit on Your Grave
Inland Empire,Inland Empire
The Walk,The Walk
Wrecker,Wrecker
The Lone Ranger,The Lone Ranger
Texas Chainsaw 3D,Texas Chainsaw 3D
Disturbia,Disturbia
Rock of Ages,Rock of Ages
Scream 4,Scream 4
Dark Places,Dark Places
The Skin I Live In,The Skin I Live In
Annie,Annie
Across the Universe,Across the Universe
Let's Be Cops,Let's Be Cops
Max,Max
Your Highness,Your Highness
Final Destination 5,Final Destination 5
Endless Love,Endless Love
Martyrs,Martyrs
Selma,Selma
Underworld: Rise of the Lycans,Underworld: Rise of the Lycans
Taare Zameen Par,Taare Zameen Par
Take Me Home Tonight,Take Me Home Tonight
Resident Evil: Afterlife,Resident Evil: Afterlife
Project X,Project X
Secret in Their Eyes,Secret in Their Eyes
Hostel: Part II,Hostel: Part II
Step Up 2: The Streets,Step Up 2: The Streets
Search Party,Search Party