Source,Target
21,Jim Sturgess
21,Kate Bosworth
21,Kevin Spacey
21,Aaron Yoo
42,Chadwick Boseman
42,T.R. Knight
42,Harrison Ford
42,Nicole Beharie
300,Gerard Butler
300,Lena Headey
300,David Wenham
300,Dominic West
1408,John Cusack
1408,Samuel L. Jackson
1408,Mary McCormack
1408,Paul Birchard
2012,John Cusack
2012,Thandie Newton
2012,Chiwetel Ejiofor
2012,Amanda Peet
Guardians of the Galaxy,Chris Pratt
Guardians of the Galaxy,Vin Diesel
Guardians of the Galaxy,Bradley Cooper
Guardians of the Galaxy,Zoe Saldana
Prometheus,Noomi Rapace
Prometheus,Logan Marshall-Green
Prometheus,Michael Fassbender
Prometheus,Charlize Theron
Bahubali: The Beginning,Prabhas
Bahubali: The Beginning,Rana Daggubati
Bahubali: The Beginning,Anushka Shetty
Bahubali: The Beginning,Tamannaah Bhatia
Interstellar,Matthew McConaughey
Interstellar,Anne Hathaway
Interstellar,Jessica Chastain
Interstellar,Mackenzie Foy
5/25/77,John Francis Daley
5/25/77,Austin Pendleton
5/25/77,Colleen Camp
5/25/77,Neil Flynn
Pirates of the Caribbean: On Stranger Tides,Johnny Depp
Pirates of the Caribbean: On Stranger Tides,Pen�lope Cruz
Pirates of the Caribbean: On Stranger Tides,Ian McShane
Pirates of the Caribbean: On Stranger Tides,Geoffrey Rush
Star Wars: Episode VII - The Force Awakens,Daisy Ridley
Star Wars: Episode VII - The Force Awakens,John Boyega
Star Wars: Episode VII - The Force Awakens,Oscar Isaac
Star Wars: Episode VII - The Force Awakens,Domhnall Gleeson
John Wick,Keanu Reeves
John Wick,Michael Nyqvist
John Wick,Alfie Allen
John Wick,Willem Dafoe
The Dark Knight,Christian Bale
The Dark Knight,Heath Ledger
The Dark Knight,Aaron Eckhart
The Dark Knight,Michael Caine
Fifty Shades of Grey,Dakota Johnson
Fifty Shades of Grey,Jamie Dornan
Fifty Shades of Grey,Jennifer Ehle
Fifty Shades of Grey,Eloise Mumford
The Prestige,Christian Bale
The Prestige,Hugh Jackman
The Prestige,Scarlett Johansson
The Prestige,Michael Caine
Kingsman: The Secret Service,Colin Firth
Kingsman: The Secret Service,Taron Egerton
Kingsman: The Secret Service,Samuel L. Jackson
Kingsman: The Secret Service,Michael Caine
Mad Max: Fury Road,Tom Hardy
Mad Max: Fury Road,Charlize Theron
Mad Max: Fury Road,Nicholas Hoult
Mad Max: Fury Road,Zo��_��_ Kravitz
Pirates of the Caribbean: At World's End,Johnny Depp
Pirates of the Caribbean: At World's End,Orlando Bloom
Pirates of the Caribbean: At World's End,Keira Knightley
Pirates of the Caribbean: At World's End,Geoffrey Rush
The Avengers,Robert Downey Jr.
The Avengers,Chris Evans
The Avengers,Scarlett Johansson
The Avengers,Jeremy Renner
Inglourious Basterds,Brad Pitt
Inglourious Basterds,Diane Kruger
Inglourious Basterds,Eli Roth
Inglourious Basterds,M�lanie Laurent
Pirates of the Caribbean: Dead Man's Chest,Johnny Depp
Pirates of the Caribbean: Dead Man's Chest,Orlando Bloom
Pirates of the Caribbean: Dead Man's Chest,Keira Knightley
Pirates of the Caribbean: Dead Man's Chest,Jack Davenport
Inception,Leonardo DiCaprio
Inception,Joseph Gordon-Levitt
Inception,Ellen Page
Inception,Ken Watanabe
The Wolf of Wall Street,Leonardo DiCaprio
The Wolf of Wall Street,Jonah Hill
The Wolf of Wall Street,Margot Robbie
The Wolf of Wall Street,Matthew McConaughey
Gone Girl,Ben Affleck
Gone Girl,Rosamund Pike
Gone Girl,Neil Patrick Harris
Gone Girl,Tyler Perry
Furious Seven,Vin Diesel
Furious Seven,Paul Walker
Furious Seven,Dwayne Johnson
Furious Seven,Jason Statham
Jurassic World,Chris Pratt
Jurassic World,Bryce Dallas Howard
Jurassic World,Ty Simpkins
Jurassic World,Judy Greer
Avatar,Sam Worthington
Avatar,Zoe Saldana
Avatar,Sigourney Weaver
Avatar,Michelle Rodriguez
The Hateful Eight,Samuel L. Jackson
The Hateful Eight,Kurt Russell
The Hateful Eight,Jennifer Jason Leigh
The Hateful Eight,Walton Goggins
Prisoners,Hugh Jackman
Prisoners,Jake Gyllenhaal
Prisoners,Viola Davis
Prisoners,Melissa Leo
The Help,Emma Stone
The Help,Viola Davis
The Help,Octavia Spencer
The Help,Bryce Dallas Howard
Avengers: Age of Ultron,Robert Downey Jr.
Avengers: Age of Ultron,Chris Evans
Avengers: Age of Ultron,Mark Ruffalo
Avengers: Age of Ultron,Chris Hemsworth
The Departed,Leonardo DiCaprio
The Departed,Matt Damon
The Departed,Jack Nicholson
The Departed,Mark Wahlberg
Legend,Tom Hardy
Legend,Emily Browning
Legend,Taron Egerton
Legend,Paul Anderson
Thor,Chris Hemsworth
Thor,Anthony Hopkins
Thor,Natalie Portman
Thor,Tom Hiddleston
The Martian,Matt Damon
The Martian,Jessica Chastain
The Martian,Kristen Wiig
The Martian,Kate Mara
The Man from U.N.C.L.E.,Henry Cavill
The Man from U.N.C.L.E.,Armie Hammer
The Man from U.N.C.L.E.,Alicia Vikander
The Man from U.N.C.L.E.,Elizabeth Debicki
Ex Machina,Alicia Vikander
Ex Machina,Domhnall Gleeson
Ex Machina,Oscar Isaac
Ex Machina,Sonoya Mizuno
12 Years a Slave,Chiwetel Ejiofor
12 Years a Slave,Michael Kenneth Williams
12 Years a Slave,Michael Fassbender
12 Years a Slave,Brad Pitt
Harry Potter and the Deathly Hallows: Part 2,Daniel Radcliffe
Harry Potter and the Deathly Hallows: Part 2,Emma Watson
Harry Potter and the Deathly Hallows: Part 2,Rupert Grint
Harry Potter and the Deathly Hallows: Part 2,Michael Gambon
Divergent,Shailene Woodley
Divergent,Theo James
Divergent,Kate Winslet
Divergent,Jai Courtney
The Dark Knight Rises,Christian Bale
The Dark Knight Rises,Tom Hardy
The Dark Knight Rises,Anne Hathaway
The Dark Knight Rises,Gary Oldman
Transformers: Age of Extinction,Mark Wahlberg
Transformers: Age of Extinction,Nicola Peltz
Transformers: Age of Extinction,Jack Reynor
Transformers: Age of Extinction,Stanley Tucci
Mamma Mia!,Meryl Streep
Mamma Mia!,Pierce Brosnan
Mamma Mia!,Amanda Seyfried
Mamma Mia!,Stellan Skarsg�rd
The Revenant,Leonardo DiCaprio
The Revenant,Tom Hardy
The Revenant,Will Poulter
The Revenant,Domhnall Gleeson
Into the Woods,Anna Kendrick
Into the Woods,Meryl Streep
Into the Woods,Chris Pine
Into the Woods,Emily Blunt
Whiplash,Miles Teller
Whiplash,J.K. Simmons
Whiplash,Melissa Benoist
Whiplash,Paul Reiser
Furious 6,Vin Diesel
Furious 6,Paul Walker
Furious 6,Dwayne Johnson
Furious 6,Michelle Rodriguez
The Place Beyond the Pines,Ryan Gosling
The Place Beyond the Pines,Bradley Cooper
The Place Beyond the Pines,Eva Mendes
The Place Beyond the Pines,Craig Van Hook
No Country for Old Men,Tommy Lee Jones
No Country for Old Men,Javier Bardem
No Country for Old Men,Josh Brolin
No Country for Old Men,Woody Harrelson
The Great Gatsby,Leonardo DiCaprio
The Great Gatsby,Carey Mulligan
The Great Gatsby,Joel Edgerton
The Great Gatsby,Tobey Maguire
Shutter Island,Leonardo DiCaprio
Shutter Island,Emily Mortimer
Shutter Island,Mark Ruffalo
Shutter Island,Ben Kingsley
Star Trek,Chris Pine
Star Trek,Zachary Quinto
Star Trek,Simon Pegg
Star Trek,Leonard Nimoy
Diary of a Wimpy Kid,Zachary Gordon
Diary of a Wimpy Kid,Robert Capron
Diary of a Wimpy Kid,Rachael Harris
Diary of a Wimpy Kid,Steve Zahn
The Big Short,Christian Bale
The Big Short,Steve Carell
The Big Short,Ryan Gosling
The Big Short,Brad Pitt
Room,Brie Larson
Room,Jacob Tremblay
Room,Sean Bridgers
Room,Wendy Crewson
Django Unchained,Jamie Foxx
Django Unchained,Christoph Waltz
Django Unchained,Leonardo DiCaprio
Django Unchained,Kerry Washington
Watchmen,Jackie Earle Haley
Watchmen,Patrick Wilson
Watchmen,Carla Gugino
Watchmen,Malin Akerman
Superbad,Michael Cera
Superbad,Jonah Hill
Superbad,Christopher Mintz-Plasse
Superbad,Bill Hader
The Hunger Games,Jennifer Lawrence
The Hunger Games,Josh Hutcherson
The Hunger Games,Liam Hemsworth
The Hunger Games,Stanley Tucci
Sicario,Emily Blunt
Sicario,Josh Brolin
Sicario,Benicio Del Toro
Sicario,Jon Bernthal
Twin Peaks: The Missing Pieces,Chris Isaak
Twin Peaks: The Missing Pieces,Kiefer Sutherland
Twin Peaks: The Missing Pieces,C.H. Evans
Twin Peaks: The Missing Pieces,Sandra Kinder
Aliens vs Predator - Requiem,Reiko Aylesworth
Aliens vs Predator - Requiem,Steven Pasquale
Aliens vs Predator - Requiem,Shareeka Epps
Aliens vs Predator - Requiem,John Ortiz
Pacific Rim,Idris Elba
Pacific Rim,Charlie Hunnam
Pacific Rim,Rinko Kikuchi
Pacific Rim,Charlie Day
"Crazy, Stupid, Love.",Steve Carell
"Crazy, Stupid, Love.",Ryan Gosling
"Crazy, Stupid, Love.",Julianne Moore
"Crazy, Stupid, Love.",Emma Stone
Scott Pilgrim vs. the World,Michael Cera
Scott Pilgrim vs. the World,Mary Elizabeth Winstead
Scott Pilgrim vs. the World,Kieran Culkin
Scott Pilgrim vs. the World,Alison Pill
Hot Fuzz,Simon Pegg
Hot Fuzz,Nick Frost
Hot Fuzz,Martin Freeman
Hot Fuzz,Bill Nighy
X-Men: Days of Future Past,Patrick Stewart
X-Men: Days of Future Past,Ian McKellen
X-Men: Days of Future Past,Hugh Jackman
X-Men: Days of Future Past,James McAvoy
Casino Royale,Daniel Craig
Casino Royale,Eva Green
Casino Royale,Judi Dench
Casino Royale,Jeffrey Wright
Twilight,Kristen Stewart
Twilight,Robert Pattinson
Twilight,Billy Burke
Twilight,Sarah Clarke
Woman in Gold,Helen Mirren
Woman in Gold,Ryan Reynolds
Woman in Gold,Daniel Br��__hl
Woman in Gold,Katie Holmes
Spectre,Daniel Craig
Spectre,Christoph Waltz
Spectre,L�a Seydoux
Spectre,Ralph Fiennes
Nightcrawler,Jake Gyllenhaal
Nightcrawler,Rene Russo
Nightcrawler,Bill Paxton
Nightcrawler,Riz Ahmed
Her,Joaquin Phoenix
Her,Amy Adams
Her,Scarlett Johansson
Her,Rooney Mara
Frozen,Kristen Bell
Frozen,Idina Menzel
Frozen,Jonathan Groff
Frozen,Josh Gad
Tomorrowland,George Clooney
Tomorrowland,Britt Robertson
Tomorrowland,Hugh Laurie
Tomorrowland,Raffey Cassidy
Dawn of the Planet of the Apes,Gary Oldman
Dawn of the Planet of the Apes,Keri Russell
Dawn of the Planet of the Apes,Andy Serkis
Dawn of the Planet of the Apes,Kodi Smit-McPhee
Tropic Thunder,Ben Stiller
Tropic Thunder,Jack Black
Tropic Thunder,Robert Downey Jr.
Tropic Thunder,Jeff Kahn
Ant-Man,Paul Rudd
Ant-Man,Michael Douglas
Ant-Man,Corey Stoll
Ant-Man,Evangeline Lilly
The VVitch: A New-England Folktale,Anya Taylor-Joy
The VVitch: A New-England Folktale,Ralph Ineson
The VVitch: A New-England Folktale,Kate Dickie
The VVitch: A New-England Folktale,Julian Richings
Cinderella,Lily James
Cinderella,Cate Blanchett
Cinderella,Richard Madden
Cinderella,Helena Bonham Carter
Love,Aomi Muyock
Love,Karl Glusman
Love,Klara Kristin
Love,Juan Saavedra
Crimson Peak,Mia Wasikowska
Crimson Peak,Jessica Chastain
Crimson Peak,Tom Hiddleston
Crimson Peak,Charlie Hunnam
Drive,Ryan Gosling
Drive,Carey Mulligan
Drive,Bryan Cranston
Drive,Albert Brooks
Trainwreck,Amy Schumer
Trainwreck,Bill Hader
Trainwreck,Brie Larson
Trainwreck,Colin Quinn
Spotlight,Mark Ruffalo
Spotlight,Michael Keaton
Spotlight,Rachel McAdams
Spotlight,Liev Schreiber
Warrior,Tom Hardy
Warrior,Nick Nolte
Warrior,Joel Edgerton
Warrior,Jennifer Morrison
Captain America: The First Avenger,Chris Evans
Captain America: The First Avenger,Hugo Weaving
Captain America: The First Avenger,Samuel L. Jackson
Captain America: The First Avenger,Hayley Atwell
Into the Wild,Emile Hirsch
Into the Wild,Vince Vaughn
Into the Wild,Catherine Keener
Into the Wild,Marcia Gay Harden
The Imitation Game,Benedict Cumberbatch
The Imitation Game,Keira Knightley
The Imitation Game,Matthew Goode
The Imitation Game,Allen Leech
Edge of Tomorrow,Tom Cruise
Edge of Tomorrow,Emily Blunt
Edge of Tomorrow,Bill Paxton
Edge of Tomorrow,Brendan Gleeson
Iron Man,Robert Downey Jr.
Iron Man,Gwyneth Paltrow
Iron Man,Terrence Howard
Iron Man,Jeff Bridges
X: First Class,James McAvoy
X: First Class,Michael Fassbender
X: First Class,Jennifer Lawrence
X: First Class,Kevin Bacon
Bridesmaids,Kristen Wiig
Bridesmaids,Maya Rudolph
Bridesmaids,Rose Byrne
Bridesmaids,Terry Crews
San Andreas,Dwayne Johnson
San Andreas,Carla Gugino
San Andreas,Alexandra Daddario
San Andreas,Colton Haynes
Spring Breakers,Vanessa Hudgens
Spring Breakers,Selena Gomez
Spring Breakers,Ashley Benson
Spring Breakers,Rachel Korine
Transformers,Shia LaBeouf
Transformers,Megan Fox
Transformers,Josh Duhamel
Transformers,Tyrese Gibson
Old Boy,Josh Brolin
Old Boy,Elizabeth Olsen
Old Boy,Samuel L. Jackson
Old Boy,Sharlto Copley
Thor: The Dark World,Chris Hemsworth
Thor: The Dark World,Natalie Portman
Thor: The Dark World,Tom Hiddleston
Thor: The Dark World,Stellan Skarsg�rd
Captain America: The Winter Soldier,Chris Evans
Captain America: The Winter Soldier,Samuel L. Jackson
Captain America: The Winter Soldier,Scarlett Johansson
Captain America: The Winter Soldier,Robert Redford
Kick-Ass,Aaron Taylor-Johnson
Kick-Ass,Nicolas Cage
Kick-Ass,Chlo��_��_ Grace Moretz
Kick-Ass,Garrett M. Brown
Hardcore Henry,Sharlto Copley
Hardcore Henry,Tim Roth
Hardcore Henry,Haley Bennett
Hardcore Henry,Danila Kozlovsky
Cars,Owen Wilson
Cars,Bonnie Hunt
Cars,Paul Newman
Cars,Larry the Cable Guy
It Follows,Maika Monroe
It Follows,Keir Gilchrist
It Follows,Olivia Luccardi
It Follows,Lili Sepe
The Girl with the Dragon Tattoo,Daniel Craig
The Girl with the Dragon Tattoo,Rooney Mara
The Girl with the Dragon Tattoo,Christopher Plummer
The Girl with the Dragon Tattoo,Stellan Skarsg�rd
We're the Millers,Jason Sudeikis
We're the Millers,Jennifer Aniston
We're the Millers,Emma Roberts
We're the Millers,Ed Helms
The Lobster,Colin Farrell
The Lobster,Rachel Weisz
The Lobster,Jessica Barden
The Lobster,Olivia Colman
Predators,Adrien Brody
Predators,Laurence Fishburne
Predators,Topher Grace
Predators,Alice Braga
Maleficent,Angelina Jolie
Maleficent,Elle Fanning
Maleficent,Sharlto Copley
Maleficent,Lesley Manville
Pan's Labyrinth,Ivana Baquero
Pan's Labyrinth,Ariadna Gil
Pan's Labyrinth,Sergi L��__pez
Pan's Labyrinth,Maribel Verd�_
Apocalypto,Gerardo Taracena
Apocalypto,Raoul Max Trujillo
Apocalypto,Dalia Hern��_��_ndez
Apocalypto,Rudy Youngblood
Mission: Impossible - Rogue Nation,Tom Cruise
Mission: Impossible - Rogue Nation,Rebecca Ferguson
Mission: Impossible - Rogue Nation,Jeremy Renner
Mission: Impossible - Rogue Nation,Simon Pegg
The Perks of Being a Wallflower,Logan Lerman
The Perks of Being a Wallflower,Emma Watson
The Perks of Being a Wallflower,Ezra Miller
The Perks of Being a Wallflower,Paul Rudd
The Grand Budapest Hotel,Ralph Fiennes
The Grand Budapest Hotel,F. Murray Abraham
The Grand Budapest Hotel,Mathieu Amalric
The Grand Budapest Hotel,Adrien Brody
The Host,Saoirse Ronan
The Host,Max Irons
The Host,Jake Abel
The Host,Diane Kruger
Fury,Brad Pitt
Fury,Shia LaBeouf
Fury,Logan Lerman
Fury,Michael Pe�a
Inside Out,Amy Poehler
Inside Out,Bill Hader
Inside Out,Lewis Black
Inside Out,Mindy Kaling
Terminator Genisys,Arnold Schwarzenegger
Terminator Genisys,Jason Clarke
Terminator Genisys,Emilia Clarke
Terminator Genisys,Jai Courtney
Percy Jackson & the Olympians: The Lightning Thief,Logan Lerman
Percy Jackson & the Olympians: The Lightning Thief,Kevin McKidd
Percy Jackson & the Olympians: The Lightning Thief,Steve Coogan
Percy Jackson & the Olympians: The Lightning Thief,Brandon T. Jackson
Les Mis�rables,Hugh Jackman
Les Mis�rables,Russell Crowe
Les Mis�rables,Anne Hathaway
Les Mis�rables,Amanda Seyfried
Children of Men,Julianne Moore
Children of Men,Clive Owen
Children of Men,Chiwetel Ejiofor
Children of Men,Michael Caine
Spy,Melissa McCarthy
Spy,Rose Byrne
Spy,Jude Law
Spy,Jason Statham
The Intouchables,Fran�_ois Cluzet
The Intouchables,Omar Sy
The Intouchables,Anne Le Ny
The Intouchables,Audrey Fleurot
Kynodontas,Christos Stergioglou
Kynodontas,Michele Valley
Kynodontas,Angeliki Papoulia
Kynodontas,Hristos Passalis
Straight Outta Compton,O'Shea Jackson Jr.
Straight Outta Compton,Corey Hawkins
Straight Outta Compton,Jason Mitchell
Straight Outta Compton,Neil Brown Jr.
The Amazing Spider-Man 2,Andrew Garfield
The Amazing Spider-Man 2,Emma Stone
The Amazing Spider-Man 2,Jamie Foxx
The Amazing Spider-Man 2,Paul Giamatti
The Conjuring,Patrick Wilson
The Conjuring,Vera Farmiga
The Conjuring,Ron Livingston
The Conjuring,Lili Taylor
The Hangover,Zach Galifianakis
The Hangover,Bradley Cooper
The Hangover,Justin Bartha
The Hangover,Ed Helms
Battleship,Alexander Skarsg�rd
Battleship,Brooklyn Decker
Battleship,Liam Neeson
Battleship,Rihanna
Rise of the Planet of the Apes,James Franco
Rise of the Planet of the Apes,Andy Serkis
Rise of the Planet of the Apes,Freida Pinto
Rise of the Planet of the Apes,Karin Konoval
Birdman or (The Unexpected Virtue of Ignorance),Michael Keaton
Birdman or (The Unexpected Virtue of Ignorance),Zach Galifianakis
Birdman or (The Unexpected Virtue of Ignorance),Edward Norton
Birdman or (The Unexpected Virtue of Ignorance),Andrea Riseborough
Black Swan,Natalie Portman
Black Swan,Mila Kunis
Black Swan,Vincent Cassel
Black Swan,Winona Ryder
Dear White People,Tyler James Williams
Dear White People,Tessa Thompson
Dear White People,Kyle Gallner
Dear White People,Teyonah Parris
Nymphomaniac: Vol. I,Charlotte Gainsbourg
Nymphomaniac: Vol. I,Stellan Skarsg�rd
Nymphomaniac: Vol. I,Stacy Martin
Nymphomaniac: Vol. I,Shia LaBeouf
Knock Knock,Keanu Reeves
Knock Knock,Lorenza Izzo
Knock Knock,Ana de Armas
Knock Knock,Aaron Burns
Cloud Atlas,Tom Hanks
Cloud Atlas,Halle Berry
Cloud Atlas,Hugh Grant
Cloud Atlas,Hugo Weaving
X-Men Origins: Wolverine,Hugh Jackman
X-Men Origins: Wolverine,Liev Schreiber
X-Men Origins: Wolverine,Ryan Reynolds
X-Men Origins: Wolverine,Danny Huston
Skyfall,Daniel Craig
Skyfall,Javier Bardem
Skyfall,Naomie Harris
Skyfall,Judi Dench
The Hobbit: An Unexpected Journey,Martin Freeman
The Hobbit: An Unexpected Journey,Ian McKellen
The Hobbit: An Unexpected Journey,Richard Armitage
The Hobbit: An Unexpected Journey,Andy Serkis
21 Jump Street,Jonah Hill
21 Jump Street,Channing Tatum
21 Jump Street,Ice Cube
21 Jump Street,Brie Larson
Oblivion,Tom Cruise
Oblivion,Morgan Freeman
Oblivion,Andrea Riseborough
Oblivion,Olga Kurylenko
22 Jump Street,Channing Tatum
22 Jump Street,Jonah Hill
22 Jump Street,Ice Cube
22 Jump Street,Nick Offerman
Zodiac,Jake Gyllenhaal
Zodiac,Robert Downey Jr.
Zodiac,Mark Ruffalo
Zodiac,Anthony Edwards
Iron Man Three,Robert Downey Jr.
Iron Man Three,Guy Pearce
Iron Man Three,Gwyneth Paltrow
Iron Man Three,Don Cheadle
Now You See Me,Jesse Eisenberg
Now You See Me,Common
Now You See Me,Mark Ruffalo
Now You See Me,Woody Harrelson
Sherlock Holmes,Robert Downey Jr.
Sherlock Holmes,Jude Law
Sherlock Holmes,Rachel McAdams
Sherlock Holmes,Mark Strong
Death Proof,Kurt Russell
Death Proof,Zo��_��_ Bell
Death Proof,Rosario Dawson
Death Proof,Vanessa Ferlito
The Danish Girl,Eddie Redmayne
The Danish Girl,Alicia Vikander
The Danish Girl,Amber Heard
The Danish Girl,Ben Whishaw
Hercules,Dwayne Johnson
Hercules,John Hurt
Hercules,Ian McShane
Hercules,Joseph Fiennes
Sucker Punch,Emily Browning
Sucker Punch,Vanessa Hudgens
Sucker Punch,Abbie Cornish
Sucker Punch,Jena Malone
Jupiter Ascending,Channing Tatum
Jupiter Ascending,Mila Kunis
Jupiter Ascending,Eddie Redmayne
Jupiter Ascending,Sean Bean
Pitch Perfect,Anna Kendrick
Pitch Perfect,Brittany Snow
Pitch Perfect,Rebel Wilson
Pitch Perfect,Anna Camp
Man of Steel,Henry Cavill
Man of Steel,Amy Adams
Man of Steel,Michael Shannon
Man of Steel,Diane Lane
The Devil Wears Prada,Anne Hathaway
The Devil Wears Prada,Meryl Streep
The Devil Wears Prada,Adrian Grenier
The Devil Wears Prada,Emily Blunt
There Will Be Blood,Daniel Day-Lewis
There Will Be Blood,Paul Dano
There Will Be Blood,Ciar��_��_n Hinds
There Will Be Blood,Martin Stringer
The Equalizer,Denzel Washington
The Equalizer,Marton Csokas
The Equalizer,Chlo��_��_ Grace Moretz
The Equalizer,David Harbour
Lone Survivor,Mark Wahlberg
Lone Survivor,Taylor Kitsch
Lone Survivor,Emile Hirsch
Lone Survivor,Ben Foster
The Cabin in the Woods,Kristen Connolly
The Cabin in the Woods,Chris Hemsworth
The Cabin in the Woods,Anna Hutchison
The Cabin in the Woods,Fran Kranz
The House Bunny,Anna Faris
The House Bunny,Colin Hanks
The House Bunny,Emma Stone
The House Bunny,Kat Dennings
She's Out of My League,Jay Baruchel
She's Out of My League,Alice Eve
She's Out of My League,T.J. Miller
She's Out of My League,Mike Vogel
Inherent Vice,Joaquin Phoenix
Inherent Vice,Josh Brolin
Inherent Vice,Owen Wilson
Inherent Vice,Katherine Waterston
The Fast and the Furious: Tokyo Drift,Lucas Black
The Fast and the Furious: Tokyo Drift,Zachery Ty Bryan
The Fast and the Furious: Tokyo Drift,Shad Moss
The Fast and the Furious: Tokyo Drift,Damien Marzette
The Blind Side,Quinton Aaron
The Blind Side,Sandra Bullock
The Blind Side,Tim McGraw
The Blind Side,Jae Head
La vie d'Ad��le,L�a Seydoux
La vie d'Ad��le,Ad��le Exarchopoulos
La vie d'Ad��le,Salim Kechiouche
La vie d'Ad��le,Aur�lien Recoing
The Babadook,Essie Davis
The Babadook,Noah Wiseman
The Babadook,Daniel Henshall
The Babadook,Hayley McElhinney
The Hobbit: The Battle of the Five Armies,Ian McKellen
The Hobbit: The Battle of the Five Armies,Martin Freeman
The Hobbit: The Battle of the Five Armies,Richard Armitage
The Hobbit: The Battle of the Five Armies,Cate Blanchett
Harry Potter and the Order of the Phoenix,Daniel Radcliffe
Harry Potter and the Order of the Phoenix,Emma Watson
Harry Potter and the Order of the Phoenix,Rupert Grint
Harry Potter and the Order of the Phoenix,Brendan Gleeson
Snowpiercer,Chris Evans
Snowpiercer,Jamie Bell
Snowpiercer,Tilda Swinton
Snowpiercer,Ed Harris
The Visit,Olivia DeJonge
The Visit,Ed Oxenbould
The Visit,Deanna Dunagan
The Visit,Peter McRobbie
Fast Five,Vin Diesel
Fast Five,Paul Walker
Fast Five,Dwayne Johnson
Fast Five,Jordana Brewster
Step Up,Channing Tatum
Step Up,Jenna Dewan Tatum
Step Up,Damaine Radcliff
Step Up,De'Shawn Washington
RocknRolla,Gerard Butler
RocknRolla,Tom Wilkinson
RocknRolla,Idris Elba
RocknRolla,Thandie Newton
In Time,Justin Timberlake
In Time,Amanda Seyfried
In Time,Cillian Murphy
In Time,Olivia Wilde
The Social Network,Jesse Eisenberg
The Social Network,Andrew Garfield
The Social Network,Justin Timberlake
The Social Network,Rooney Mara
The Last Witch Hunter,Vin Diesel
The Last Witch Hunter,Rose Leslie
The Last Witch Hunter,Elijah Wood
The Last Witch Hunter,��_��_lafur Darri ��_��_lafsson
Victor Frankenstein,Daniel Radcliffe
Victor Frankenstein,James McAvoy
Victor Frankenstein,Jessica Brown Findlay
Victor Frankenstein,Andrew Scott
Green Room,Anton Yelchin
Green Room,Imogen Poots
Green Room,Alia Shawkat
Green Room,Patrick Stewart
Blackhat,Chris Hemsworth
Blackhat,Viola Davis
Blackhat,Wei Tang
Blackhat,Leehom Wang
American Sniper,Bradley Cooper
American Sniper,Sienna Miller
American Sniper,Kyle Gallner
American Sniper,Cole Konis
Dallas Buyers Club,Matthew McConaughey
Dallas Buyers Club,Jennifer Garner
Dallas Buyers Club,Jared Leto
Dallas Buyers Club,Steve Zahn
Lincoln,Daniel Day-Lewis
Lincoln,Sally Field
Lincoln,David Strathairn
Lincoln,Joseph Gordon-Levitt
Rush,Daniel Br��__hl
Rush,Chris Hemsworth
Rush,Olivia Wilde
Rush,Alexandra Maria Lara
Silver Linings Playbook,Bradley Cooper
Silver Linings Playbook,Jennifer Lawrence
Silver Linings Playbook,Robert De Niro
Silver Linings Playbook,Jacki Weaver
The Fault in Our Stars,Shailene Woodley
The Fault in Our Stars,Ansel Elgort
The Fault in Our Stars,Nat Wolff
The Fault in Our Stars,Laura Dern
Blended,Adam Sandler
Blended,Drew Barrymore
Blended,Wendi McLendon-Covey
Blended,Kevin Nealon
Fast & Furious,Vin Diesel
Fast & Furious,Paul Walker
Fast & Furious,Michelle Rodriguez
Fast & Furious,Jordana Brewster
Looper,Joseph Gordon-Levitt
Looper,Bruce Willis
Looper,Emily Blunt
Looper,Paul Dano
White House Down,Channing Tatum
White House Down,Jamie Foxx
White House Down,Maggie Gyllenhaal
White House Down,Jason Clarke
Spider-Man 3,Tobey Maguire
Spider-Man 3,Kirsten Dunst
Spider-Man 3,Topher Grace
Spider-Man 3,Thomas Haden Church
The Three Musketeers,Logan Lerman
The Three Musketeers,Matthew Macfadyen
The Three Musketeers,Ray Stevenson
The Three Musketeers,Milla Jovovich
Stardust,Charlie Cox
Stardust,Claire Danes
Stardust,Sienna Miller
Stardust,Ian McKellen
American Hustle,Christian Bale
American Hustle,Amy Adams
American Hustle,Bradley Cooper
American Hustle,Jennifer Lawrence
Jennifer's Body,Megan Fox
Jennifer's Body,Amanda Seyfried
Jennifer's Body,Adam Brody
Jennifer's Body,Johnny Simmons
Midnight in Paris,Owen Wilson
Midnight in Paris,Rachel McAdams
Midnight in Paris,Kathy Bates
Midnight in Paris,Kurt Fuller
Joy,Jennifer Lawrence
Joy,Robert De Niro
Joy,Bradley Cooper
Joy,Edgar Ram��__rez
The Dressmaker,Kate Winslet
The Dressmaker,Judy Davis
The Dressmaker,Liam Hemsworth
The Dressmaker,Hugo Weaving
Insurgent,Shailene Woodley
Insurgent,Ansel Elgort
Insurgent,Theo James
Insurgent,Kate Winslet
Seventh Son,Ben Barnes
Seventh Son,Julianne Moore
Seventh Son,Jeff Bridges
Seventh Son,Alicia Vikander
The Theory of Everything,Eddie Redmayne
The Theory of Everything,Felicity Jones
The Theory of Everything,Tom Prior
The Theory of Everything,Sophie Perry
This Is the End,James Franco
This Is the End,Jonah Hill
This Is the End,Seth Rogen
This Is the End,Jay Baruchel
About Time,Domhnall Gleeson
About Time,Rachel McAdams
About Time,Bill Nighy
About Time,Lydia Wilson
Step Brothers,Will Ferrell
Step Brothers,John C. Reilly
Step Brothers,Mary Steenburgen
Step Brothers,Richard Jenkins
Clown,Andy Powers
Clown,Laura Allen
Clown,Peter Stormare
Clown,Christian Distefano
Star Trek Into Darkness,Chris Pine
Star Trek Into Darkness,Zachary Quinto
Star Trek Into Darkness,Zoe Saldana
Star Trek Into Darkness,Benedict Cumberbatch
Zombieland,Jesse Eisenberg
Zombieland,Emma Stone
Zombieland,Woody Harrelson
Zombieland,Abigail Breslin
Slumdog Millionaire,Dev Patel
Slumdog Millionaire,Freida Pinto
Slumdog Millionaire,Saurabh Shukla
Slumdog Millionaire,Anil Kapoor
The Twilight Saga: Breaking Dawn - Part 2,Kristen Stewart
The Twilight Saga: Breaking Dawn - Part 2,Robert Pattinson
The Twilight Saga: Breaking Dawn - Part 2,Taylor Lautner
The Twilight Saga: Breaking Dawn - Part 2,Peter Facinelli
The Amazing Spider-Man,Andrew Garfield
The Amazing Spider-Man,Emma Stone
The Amazing Spider-Man,Rhys Ifans
The Amazing Spider-Man,Irrfan Khan
The Maze Runner,Dylan O'Brien
The Maze Runner,Kaya Scodelario
The Maze Runner,Will Poulter
The Maze Runner,Thomas Brodie-Sangster
Wanted,Angelina Jolie
Wanted,James McAvoy
Wanted,Morgan Freeman
Wanted,Terence Stamp
Black Mass,Johnny Depp
Black Mass,Benedict Cumberbatch
Black Mass,Dakota Johnson
Black Mass,Joel Edgerton
Creed,Michael B. Jordan
Creed,Sylvester Stallone
Creed,Tessa Thompson
Creed,Phylicia Rashad
The Expendables 3,Sylvester Stallone
The Expendables 3,Jason Statham
The Expendables 3,Jet Li
The Expendables 3,Antonio Banderas
What We Do in the Shadows,Jemaine Clement
What We Do in the Shadows,Taika Waititi
What We Do in the Shadows,Cori Gonzalez-Macuer
What We Do in the Shadows,Jonny Brugh
Southpaw,Jake Gyllenhaal
Southpaw,Rachel McAdams
Southpaw,Oona Laurence
Southpaw,Forest Whitaker
Bridge of Spies,Tom Hanks
Bridge of Spies,Mark Rylance
Bridge of Spies,Alan Alda
Bridge of Spies,Amy Ryan
The Lego Movie,Chris Pratt
The Lego Movie,Will Ferrell
The Lego Movie,Elizabeth Banks
The Lego Movie,Will Arnett
Everest,Jason Clarke
Everest,Ang Phula Sherpa
Everest,Thomas M. Wright
Everest,Martin Henderson
Pixels,Adam Sandler
Pixels,Kevin James
Pixels,Michelle Monaghan
Pixels,Peter Dinklage
Robin Hood,Russell Crowe
Robin Hood,Cate Blanchett
Robin Hood,Matthew Macfadyen
Robin Hood,Max von Sydow
The Wolverine,Hugh Jackman
The Wolverine,Will Yun Lee
The Wolverine,Tao Okamoto
The Wolverine,Rila Fukushima
John Carter,Taylor Kitsch
John Carter,Lynn Collins
John Carter,Willem Dafoe
John Carter,Samantha Morton
The Gunman,Sean Penn
The Gunman,Idris Elba
The Gunman,Jasmine Trinca
The Gunman,Javier Bardem
Steve Jobs,Michael Fassbender
Steve Jobs,Kate Winslet
Steve Jobs,Seth Rogen
Steve Jobs,Jeff Daniels
Grown Ups 2,Adam Sandler
Grown Ups 2,Kevin James
Grown Ups 2,Chris Rock
Grown Ups 2,David Spade
The Age of Adaline,Blake Lively
The Age of Adaline,Michiel Huisman
The Age of Adaline,Harrison Ford
The Age of Adaline,Kathy Baker
The Incredible Hulk,Edward Norton
The Incredible Hulk,Liv Tyler
The Incredible Hulk,Tim Roth
The Incredible Hulk,William Hurt
Couples Retreat,Vince Vaughn
Couples Retreat,Malin Akerman
Couples Retreat,Jon Favreau
Couples Retreat,Jason Bateman
Absolutely Anything,Simon Pegg
Absolutely Anything,Kate Beckinsale
Absolutely Anything,Sanjeev Bhaskar
Absolutely Anything,Rob Riggle
Magic Mike,Channing Tatum
Magic Mike,Alex Pettyfer
Magic Mike,Olivia Munn
Magic Mike,Matthew McConaughey
Minions,Sandra Bullock
Minions,Jon Hamm
Minions,Michael Keaton
Minions,Pierre Coffin
Bronson,Tom Hardy
Bronson,Kelly Adams
Bronson,Luing Andrews
Bronson,Katy Barker
Despicable Me,Steve Carell
Despicable Me,Jason Segel
Despicable Me,Russell Brand
Despicable Me,Julie Andrews
The Best of Me,James Marsden
The Best of Me,Michelle Monaghan
The Best of Me,Luke Bracey
The Best of Me,Liana Liberato
The Invitation,Logan Marshall-Green
The Invitation,Emayatzy Corinealdi
The Invitation,Michiel Huisman
The Invitation,Tammy Blanchard
Zero Dark Thirty,Jessica Chastain
Zero Dark Thirty,Joel Edgerton
Zero Dark Thirty,Chris Pratt
Zero Dark Thirty,Mark Strong
Tangled,Mandy Moore
Tangled,Zachary Levi
Tangled,Donna Murphy
Tangled,Ron Perlman
The Hunger Games: Mockingjay - Part 2,Jennifer Lawrence
The Hunger Games: Mockingjay - Part 2,Josh Hutcherson
The Hunger Games: Mockingjay - Part 2,Liam Hemsworth
The Hunger Games: Mockingjay - Part 2,Woody Harrelson
Vacation,Ed Helms
Vacation,Christina Applegate
Vacation,Skyler Gisondo
Vacation,Steele Stebbins
Taken,Liam Neeson
Taken,Maggie Grace
Taken,Famke Janssen
Taken,Leland Orser
Pitch Perfect 2,Anna Kendrick
Pitch Perfect 2,Rebel Wilson
Pitch Perfect 2,Hailee Steinfeld
Pitch Perfect 2,Brittany Snow
Monsters University,Billy Crystal
Monsters University,John Goodman
Monsters University,Steve Buscemi
Monsters University,Helen Mirren
Tusk,Justin Long
Tusk,Michael Parks
Tusk,Haley Joel Osment
Tusk,Genesis Rodriguez
Atonement,Keira Knightley
Atonement,James McAvoy
Atonement,Brenda Blethyn
Atonement,Saoirse Ronan
Harry Potter and the Deathly Hallows: Part 1,Daniel Radcliffe
Harry Potter and the Deathly Hallows: Part 1,Emma Watson
Harry Potter and the Deathly Hallows: Part 1,Rupert Grint
Harry Potter and the Deathly Hallows: Part 1,Bill Nighy
Shame,Michael Fassbender
Shame,Carey Mulligan
Shame,James Badge Dale
Shame,Lucy Walters
Hanna,Saoirse Ronan
Hanna,Cate Blanchett
Hanna,Eric Bana
Hanna,Vicky Krieps
The Babysitters,Lauren Birkell
The Babysitters,Paul Borghese
The Babysitters,Chira Cassel
The Babysitters,Anthony Cirillo
300: Rise of an Empire,Sullivan Stapleton
300: Rise of an Empire,Eva Green
300: Rise of an Empire,Lena Headey
300: Rise of an Empire,Hans Matheson
The Curious Case of Benjamin Button,Brad Pitt
The Curious Case of Benjamin Button,Cate Blanchett
The Curious Case of Benjamin Button,Tilda Swinton
The Curious Case of Benjamin Button,Julia Ormond
Sin City: A Dame to Kill For,Mickey Rourke
Sin City: A Dame to Kill For,Jessica Alba
Sin City: A Dame to Kill For,Josh Brolin
Sin City: A Dame to Kill For,Joseph Gordon-Levitt
The Bourne Ultimatum,Matt Damon
The Bourne Ultimatum,Edgar Ram��__rez
The Bourne Ultimatum,Joan Allen
The Bourne Ultimatum,Julia Stiles
Srpski film,Srdjan 'Zika' Todorovic
Srpski film,Sergej Trifunovic
Srpski film,Jelena Gavrilovic
Srpski film,Slobodan Bestic
3 Idiots,Aamir Khan
3 Idiots,Madhavan
3 Idiots,Mona Singh
3 Idiots,Sharman Joshi
World War Z,Brad Pitt
World War Z,Mireille Enos
World War Z,Daniella Kertesz
World War Z,James Badge Dale
Mission: Impossible - Ghost Protocol,Tom Cruise
Mission: Impossible - Ghost Protocol,Jeremy Renner
Mission: Impossible - Ghost Protocol,Simon Pegg
Mission: Impossible - Ghost Protocol,Paula Patton
Filth,James McAvoy
Filth,Jamie Bell
Filth,Eddie Marsan
Filth,Imogen Poots
The Longest Ride,Scott Eastwood
The Longest Ride,Britt Robertson
The Longest Ride,Alan Alda
The Longest Ride,Jack Huston
The imposible,Naomi Watts
The imposible,Ewan McGregor
The imposible,Tom Holland
The imposible,Oaklee Pendergast
Kick-Ass 2,Aaron Taylor-Johnson
Kick-Ass 2,Chlo��_��_ Grace Moretz
Kick-Ass 2,Christopher Mintz-Plasse
Kick-Ass 2,Jim Carrey
Oz the Great and Powerful,James Franco
Oz the Great and Powerful,Michelle Williams
Oz the Great and Powerful,Rachel Weisz
Oz the Great and Powerful,Mila Kunis
Brooklyn,Saoirse Ronan
Brooklyn,Emory Cohen
Brooklyn,Domhnall Gleeson
Brooklyn,Jim Broadbent
Coraline,Dakota Fanning
Coraline,Teri Hatcher
Coraline,John Hodgman
Coraline,Jennifer Saunders
Blue Valentine,Ryan Gosling
Blue Valentine,Michelle Williams
Blue Valentine,John Doman
Blue Valentine,Faith Wladyka
Silent Hill,Radha Mitchell
Silent Hill,Laurie Holden
Silent Hill,Sean Bean
Silent Hill,Deborah Kara Unger
Dredd,Karl Urban
Dredd,Olivia Thirlby
Dredd,Lena Headey
Dredd,Rachel Wood
Big Hero 6,Ryan Potter
Big Hero 6,Scott Adsit
Big Hero 6,Jamie Chung
Big Hero 6,T.J. Miller
Carrie,Chlo��_��_ Grace Moretz
Carrie,Julianne Moore
Carrie,Gabriella Wilde
Carrie,Portia Doubleday
Iron Man 2,Robert Downey Jr.
Iron Man 2,Mickey Rourke
Iron Man 2,Gwyneth Paltrow
Iron Man 2,Don Cheadle
Demolition,Jake Gyllenhaal
Demolition,Naomi Watts
Demolition,Chris Cooper
Demolition,Judah Lewis
Pandorum,Dennis Quaid
Pandorum,Ben Foster
Pandorum,Cam Gigandet
Pandorum,Antje Traue
Olympus Has Fallen,Gerard Butler
Olympus Has Fallen,Aaron Eckhart
Olympus Has Fallen,Morgan Freeman
Olympus Has Fallen,Angela Bassett
I Am Number Four,Alex Pettyfer
I Am Number Four,Timothy Olyphant
I Am Number Four,Dianna Agron
I Am Number Four,Teresa Palmer
Jagten,Mads Mikkelsen
Jagten,Thomas Bo Larsen
Jagten,Annika Wedderkopp
Jagten,Lasse Fogelstr��_��_m
The Proposal,Sandra Bullock
The Proposal,Ryan Reynolds
The Proposal,Mary Steenburgen
The Proposal,Craig T. Nelson
Get Hard,Will Ferrell
Get Hard,Kevin Hart
Get Hard,Alison Brie
Get Hard,T.I.
Just Go with It,Adam Sandler
Just Go with It,Jennifer Aniston
Just Go with It,Brooklyn Decker
Just Go with It,Nicole Kidman
Revolutionary Road,Leonardo DiCaprio
Revolutionary Road,Kate Winslet
Revolutionary Road,Christopher Fitzgerald
Revolutionary Road,Jonathan Roumie
The Town,Ben Affleck
The Town,Rebecca Hall
The Town,Jon Hamm
The Town,Jeremy Renner
Predestination,Ethan Hawke
Predestination,Sarah Snook
Predestination,Noah Taylor
Predestination,Madeleine West
Goosebumps,Jack Black
Goosebumps,Dylan Minnette
Goosebumps,Odeya Rush
Goosebumps,Ryan Lee
Sherlock Holmes: A Game of Shadows,Robert Downey Jr.
Sherlock Holmes: A Game of Shadows,Jude Law
Sherlock Holmes: A Game of Shadows,Jared Harris
Sherlock Holmes: A Game of Shadows,Rachel McAdams
Salt,Angelina Jolie
Salt,Liev Schreiber
Salt,Chiwetel Ejiofor
Salt,Daniel Olbrychski
Enemy,Jake Gyllenhaal
Enemy,M�lanie Laurent
Enemy,Sarah Gadon
Enemy,Isabella Rossellini
District 9,Sharlto Copley
District 9,David James
District 9,Jason Cope
District 9,Nathalie Boltt
The Other Guys,Will Ferrell
The Other Guys,Mark Wahlberg
The Other Guys,Derek Jeter
The Other Guys,Eva Mendes
American Gangster,Denzel Washington
American Gangster,Russell Crowe
American Gangster,Chiwetel Ejiofor
American Gangster,Josh Brolin
Marie Antoinette,Kirsten Dunst
Marie Antoinette,Jason Schwartzman
Marie Antoinette,Rip Torn
Marie Antoinette,Judy Davis
Harry Potter and the Half-Blood Prince,Daniel Radcliffe
Harry Potter and the Half-Blood Prince,Emma Watson
Harry Potter and the Half-Blood Prince,Rupert Grint
Harry Potter and the Half-Blood Prince,Michael Gambon
Argo,Ben Affleck
Argo,Bryan Cranston
Argo,John Goodman
Argo,Alan Arkin
The Lives of Others,Ulrich M��__he
The Lives of Others,Martina Gedeck
The Lives of Others,Sebastian Koch
The Lives of Others,Ulrich Tukur
Macbeth,Michael Fassbender
Macbeth,Marion Cotillard
Macbeth,Jack Madigan
Macbeth,Frank Madigan
Forgetting Sarah Marshall,Kristen Bell
Forgetting Sarah Marshall,Jason Segel
Forgetting Sarah Marshall,Paul Rudd
Forgetting Sarah Marshall,Mila Kunis
The Giver,Brenton Thwaites
The Giver,Jeff Bridges
The Giver,Meryl Streep
The Giver,Taylor Swift
Moonrise Kingdom,Jared Gilman
Moonrise Kingdom,Kara Hayward
Moonrise Kingdom,Bruce Willis
Moonrise Kingdom,Bill Murray
Hairspray,John Travolta
Hairspray,Queen Latifah
Hairspray,Nikki Blonsky
Hairspray,Michelle Pfeiffer
Safe Haven,Julianne Hough
Safe Haven,Josh Duhamel
Safe Haven,Cobie Smulders
Safe Haven,David Lyons
Focus,Will Smith
Focus,Margot Robbie
Focus,Rodrigo Santoro
Focus,Adrian Martinez
Ratatouille,Brad Garrett
Ratatouille,Lou Romano
Ratatouille,Patton Oswalt
Ratatouille,Ian Holm
Stake Land,Connor Paolo
Stake Land,Nick Damici
Stake Land,Kelly McGillis
Stake Land,Gregory Jones
The Book of Eli,Denzel Washington
The Book of Eli,Mila Kunis
The Book of Eli,Ray Stevenson
The Book of Eli,Gary Oldman
Cloverfield,Mike Vogel
Cloverfield,Jessica Lucas
Cloverfield,Lizzy Caplan
Cloverfield,T.J. Miller
Point Break,Edgar Ram��__rez
Point Break,Luke Bracey
Point Break,Ray Winstone
Point Break,Teresa Palmer
Under the Skin,Scarlett Johansson
Under the Skin,Jeremy McWilliams
Under the Skin,Lynsey Taylor Mackay
Under the Skin,Dougie McConnell
I Am Legend,Will Smith
I Am Legend,Alice Braga
I Am Legend,Charlie Tahan
I Am Legend,Salli Richardson-Whitfield
Men in Black 3,Will Smith
Men in Black 3,Tommy Lee Jones
Men in Black 3,Josh Brolin
Men in Black 3,Jemaine Clement
Super 8,Elle Fanning
Super 8,AJ Michalka
Super 8,Kyle Chandler
Super 8,Joel Courtney
Law Abiding Citizen,Gerard Butler
Law Abiding Citizen,Jamie Foxx
Law Abiding Citizen,Leslie Bibb
Law Abiding Citizen,Colm Meaney
Up,Edward Asner
Up,Jordan Nagai
Up,John Ratzenberger
Up,Christopher Plummer
Maze Runner: The Scorch Trials,Dylan O'Brien
Maze Runner: The Scorch Trials,Kaya Scodelario
Maze Runner: The Scorch Trials,Thomas Brodie-Sangster
Maze Runner: The Scorch Trials,Giancarlo Esposito
Carol,Cate Blanchett
Carol,Rooney Mara
Carol,Sarah Paulson
Carol,Kyle Chandler
Youth,Michael Caine
Youth,Harvey Keitel
Youth,Rachel Weisz
Youth,Jane Fonda
Mr. Nobody,Jared Leto
Mr. Nobody,Sarah Polley
Mr. Nobody,Diane Kruger
Mr. Nobody,Linh Dan Pham
Savages,Aaron Taylor-Johnson
Savages,Taylor Kitsch
Savages,Blake Lively
Savages,Benicio Del Toro
(500) Days of Summer,Zooey Deschanel
(500) Days of Summer,Joseph Gordon-Levitt
(500) Days of Summer,Geoffrey Arend
(500) Days of Summer,Chlo��_��_ Grace Moretz
Movie 43,Emma Stone
Movie 43,Stephen Merchant
Movie 43,Richard Gere
Movie 43,Liev Schreiber
Gravity,Sandra Bullock
Gravity,George Clooney
Gravity,Ed Harris
Gravity,Orto Ignatiussen
The Boy in the Striped Pyjamas,Asa Butterfield
The Boy in the Striped Pyjamas,David Thewlis
The Boy in the Striped Pyjamas,Rupert Friend
The Boy in the Striped Pyjamas,Zac Mattoon O'Brien
Shooter,Mark Wahlberg
Shooter,Michael Pe�a
Shooter,Rhona Mitra
Shooter,Danny Glover
The Happening,Mark Wahlberg
The Happening,Zooey Deschanel
The Happening,John Leguizamo
The Happening,Ashlyn Sanchez
Bone Tomahawk,Kurt Russell
Bone Tomahawk,Patrick Wilson
Bone Tomahawk,Matthew Fox
Bone Tomahawk,Richard Jenkins
Magic Mike XXL,Channing Tatum
Magic Mike XXL,Joe Manganiello
Magic Mike XXL,Matt Bomer
Magic Mike XXL,Adam Rodriguez
Easy A,Emma Stone
Easy A,Amanda Bynes
Easy A,Penn Badgley
Easy A,Dan Byrd
Exodus: Gods and Kings,Christian Bale
Exodus: Gods and Kings,Joel Edgerton
Exodus: Gods and Kings,Ben Kingsley
Exodus: Gods and Kings,Sigourney Weaver
Chappie,Sharlto Copley
Chappie,Dev Patel
Chappie,Hugh Jackman
Chappie,Sigourney Weaver
The Hobbit: The Desolation of Smaug,Ian McKellen
The Hobbit: The Desolation of Smaug,Martin Freeman
The Hobbit: The Desolation of Smaug,Richard Armitage
The Hobbit: The Desolation of Smaug,Ken Stott
Half of a Yellow Sun,Chiwetel Ejiofor
Half of a Yellow Sun,Thandie Newton
Half of a Yellow Sun,Anika Noni Rose
Half of a Yellow Sun,Joseph Mawle
The Counselor,Michael Fassbender
The Counselor,Pen�lope Cruz
The Counselor,Cameron Diaz
The Counselor,Javier Bardem
Trust,Clive Owen
Trust,Catherine Keener
Trust,Liana Liberato
Trust,Jason Clarke
Elysium,Matt Damon
Elysium,Jodie Foster
Elysium,Sharlto Copley
Elysium,Alice Braga
The Green Inferno,Lorenza Izzo
The Green Inferno,Ariel Levy
The Green Inferno,Aaron Burns
The Green Inferno,Kirby Bliss Blanton
Godzilla,Aaron Taylor-Johnson
Godzilla,Elizabeth Olsen
Godzilla,Bryan Cranston
Godzilla,Ken Watanabe
The Bourne Legacy,Jeremy Renner
The Bourne Legacy,Rachel Weisz
The Bourne Legacy,Edward Norton
The Bourne Legacy,Scott Glenn
A Good Year,Russell Crowe
A Good Year,Abbie Cornish
A Good Year,Albert Finney
A Good Year,Marion Cotillard
Deja Vu,Denzel Washington
Deja Vu,Paula Patton
Deja Vu,Jim Caviezel
Deja Vu,Val Kilmer
Lucy,Scarlett Johansson
Lucy,Morgan Freeman
Lucy,Min-sik Choi
Lucy,Amr Waked
Need for Speed,Aaron Paul
Need for Speed,Dominic Cooper
Need for Speed,Imogen Poots
Need for Speed,Scott Mescudi
Jack Reacher,Tom Cruise
Jack Reacher,Rosamund Pike
Jack Reacher,Richard Jenkins
Jack Reacher,Werner Herzog
The Ghost Writer,Ewan McGregor
The Ghost Writer,Pierce Brosnan
The Ghost Writer,Olivia Williams
The Ghost Writer,Jon Bernthal
Limitless,Bradley Cooper
Limitless,Anna Friel
Limitless,Abbie Cornish
Limitless,Robert De Niro
P.S. I Love You,Hilary Swank
P.S. I Love You,Gerard Butler
P.S. I Love You,Harry Connick Jr.
P.S. I Love You,Lisa Kudrow
Zipper,Patrick Wilson
Zipper,Lena Headey
Zipper,Ray Winstone
Zipper,Richard Dreyfuss
Alice in Wonderland,Mia Wasikowska
Alice in Wonderland,Johnny Depp
Alice in Wonderland,Helena Bonham Carter
Alice in Wonderland,Anne Hathaway
The Break-Up,Jennifer Aniston
The Break-Up,Vince Vaughn
The Break-Up,Jon Favreau
The Break-Up,Joey Lauren Adams
Fantastic Four,Miles Teller
Fantastic Four,Kate Mara
Fantastic Four,Michael B. Jordan
Fantastic Four,Jamie Bell
The Survivalist,Mia Goth
The Survivalist,Martin McCann
The Survivalist,Barry Ward
The Survivalist,Andrew Simpson
Colonia,Emma Watson
Colonia,Daniel Br��__hl
Colonia,Michael Nyqvist
Colonia,Richenda Carey
The Boy Next Door,Jennifer Lopez
The Boy Next Door,Ryan Guzman
The Boy Next Door,Kristin Chenoweth
The Boy Next Door,John Corbett
The Gift,Jason Bateman
The Gift,Rebecca Hall
The Gift,Joel Edgerton
The Gift,Allison Tolman
Dracula Untold,Luke Evans
Dracula Untold,Dominic Cooper
Dracula Untold,Sarah Gadon
Dracula Untold,Art Parkinson
In the Heart of the Sea,Chris Hemsworth
In the Heart of the Sea,Cillian Murphy
In the Heart of the Sea,Brendan Gleeson
In the Heart of the Sea,Ben Whishaw
Idiocracy,Luke Wilson
Idiocracy,Maya Rudolph
Idiocracy,Dax Shepard
Idiocracy,Terry Crews
The Expendables,Sylvester Stallone
The Expendables,Jason Statham
The Expendables,Jet Li
The Expendables,Dolph Lundgren
Evil Dead,Jane Levy
Evil Dead,Shiloh Fernandez
Evil Dead,Jessica Lucas
Evil Dead,Lou Taylor Pucci
Sinister,Ethan Hawke
Sinister,Juliet Rylance
Sinister,James Ransone
Sinister,Fred Dalton Thompson
Wreck-It Ralph,John C. Reilly
Wreck-It Ralph,Jack McBrayer
Wreck-It Ralph,Jane Lynch
Wreck-It Ralph,Sarah Silverman
Snow White and the Huntsman,Kristen Stewart
Snow White and the Huntsman,Chris Hemsworth
Snow White and the Huntsman,Charlize Theron
Snow White and the Huntsman,Sam Claflin
Pan,Levi Miller
Pan,Hugh Jackman
Pan,Garrett Hedlund
Pan,Rooney Mara
Transformers: Dark of the Moon,Shia LaBeouf
Transformers: Dark of the Moon,Rosie Huntington-Whiteley
Transformers: Dark of the Moon,Tyrese Gibson
Transformers: Dark of the Moon,Josh Duhamel
Juno,Ellen Page
Juno,Michael Cera
Juno,Jennifer Garner
Juno,Jason Bateman
The Other Woman,Cameron Diaz
The Other Woman,Leslie Mann
The Other Woman,Kate Upton
The Other Woman,Nikolaj Coster-Waldau
Enchanted,Amy Adams
Enchanted,Susan Sarandon
Enchanted,James Marsden
Enchanted,Patrick Dempsey
The Intern,Robert De Niro
The Intern,Anne Hathaway
The Intern,Rene Russo
The Intern,Anders Holm
Little Miss Sunshine,Steve Carell
Little Miss Sunshine,Toni Collette
Little Miss Sunshine,Greg Kinnear
Little Miss Sunshine,Abigail Breslin
Clash of the Titans,Sam Worthington
Clash of the Titans,Liam Neeson
Clash of the Titans,Ralph Fiennes
Clash of the Titans,Jason Flemyng
Tron,Jeff Bridges
Tron,Garrett Hedlund
Tron,Olivia Wilde
Tron,Bruce Boxleitner
The Hunger Games: Catching Fire,Jennifer Lawrence
The Hunger Games: Catching Fire,Josh Hutcherson
The Hunger Games: Catching Fire,Liam Hemsworth
The Hunger Games: Catching Fire,Philip Seymour Hoffman
All Good Things,Ryan Gosling
All Good Things,Kirsten Dunst
All Good Things,Frank Langella
All Good Things,Lily Rabe
The Last Airbender,Noah Ringer
The Last Airbender,Nicola Peltz
The Last Airbender,Jackson Rathbone
The Last Airbender,Dev Patel
Sex Tape,Jason Segel
Sex Tape,Cameron Diaz
Sex Tape,Rob Corddry
Sex Tape,Ellie Kemper
What to Expect When You're Expecting,Cameron Diaz
What to Expect When You're Expecting,Matthew Morrison
What to Expect When You're Expecting,J. Todd Smith
What to Expect When You're Expecting,Dennis Quaid
Moneyball,Brad Pitt
Moneyball,Robin Wright
Moneyball,Jonah Hill
Moneyball,Philip Seymour Hoffman
Ghost Rider,Nicolas Cage
Ghost Rider,Eva Mendes
Ghost Rider,Sam Elliott
Ghost Rider,Matt Long
Unbroken,Jack O'Connell
Unbroken,Miyavi
Unbroken,Domhnall Gleeson
Unbroken,Garrett Hedlund
Immortals,Henry Cavill
Immortals,Mickey Rourke
Immortals,John Hurt
Immortals,Stephen Dorff
Sunshine,Cillian Murphy
Sunshine,Rose Byrne
Sunshine,Chris Evans
Sunshine,Michelle Yeoh
Brave,Kelly Macdonald
Brave,Billy Connolly
Brave,Emma Thompson
Brave,Julie Walters
M��__n som hatar kvinnor,Michael Nyqvist
M��__n som hatar kvinnor,Noomi Rapace
M��__n som hatar kvinnor,Ewa Fr�_ling
M��__n som hatar kvinnor,Lena Endre
Adoration,Naomi Watts
Adoration,Robin Wright
Adoration,Xavier Samuel
Adoration,James Frecheville
The Drop,Tom Hardy
The Drop,Noomi Rapace
The Drop,James Gandolfini
The Drop,Matthias Schoenaerts
She's the Man,Amanda Bynes
She's the Man,Laura Ramsey
She's the Man,Channing Tatum
She's the Man,Vinnie Jones
Daddy's Home,Will Ferrell
Daddy's Home,Mark Wahlberg
Daddy's Home,Linda Cardellini
Daddy's Home,Thomas Haden Church
Let Me In,Kodi Smit-McPhee
Let Me In,Chlo��_��_ Grace Moretz
Let Me In,Richard Jenkins
Let Me In,Cara Buono
Never Back Down,Sean Faris
Never Back Down,Djimon Hounsou
Never Back Down,Amber Heard
Never Back Down,Cam Gigandet
Moon,Sam Rockwell
Moon,Kevin Spacey
Moon,Dominique McElligott
Moon,Rosie Shaw
Megamind,Will Ferrell
Megamind,Jonah Hill
Megamind,Brad Pitt
Megamind,Tina Fey
Gangster Squad,Sean Penn
Gangster Squad,Ryan Gosling
Gangster Squad,Emma Stone
Gangster Squad,Giovanni Ribisi
He's Just Not That Into You,Jennifer Aniston
He's Just Not That Into You,Jennifer Connelly
He's Just Not That Into You,Morgan Lily
He's Just Not That Into You,Trenton Rogers
The Rise of the Krays,Matt Vael
The Rise of the Krays,Simon Cotton
The Rise of the Krays,Kevin Leslie
The Rise of the Krays,Olivia Moyles
Winter's Bone,Jennifer Lawrence
Winter's Bone,John Hawkes
Winter's Bone,Garret Dillahunt
Winter's Bone,Isaiah Stone
Horrible Bosses,Jason Bateman
Horrible Bosses,Charlie Day
Horrible Bosses,Jason Sudeikis
Horrible Bosses,Steve Wiebe
Mommy,Anne Dorval
Mommy,Antoine-Olivier Pilon
Mommy,Suzanne Cl�ment
Mommy,Patrick Huard
Hellboy II: The Golden Army,Ron Perlman
Hellboy II: The Golden Army,Selma Blair
Hellboy II: The Golden Army,Doug Jones
Hellboy II: The Golden Army,John Alexander
Beautiful Creatures,Alice Englert
Beautiful Creatures,Viola Davis
Beautiful Creatures,Emma Thompson
Beautiful Creatures,Alden Ehrenreich
The Lovely Bones,Rachel Weisz
The Lovely Bones,Mark Wahlberg
The Lovely Bones,Saoirse Ronan
The Lovely Bones,Susan Sarandon
The Assassination of Jesse James by the Coward Robert Ford,Brad Pitt
The Assassination of Jesse James by the Coward Robert Ford,Casey Affleck
The Assassination of Jesse James by the Coward Robert Ford,Sam Shepard
The Assassination of Jesse James by the Coward Robert Ford,Mary-Louise Parker
Don Jon,Joseph Gordon-Levitt
Don Jon,Scarlett Johansson
Don Jon,Julianne Moore
Don Jon,Tony Danza
Mr. Right,Anna Kendrick
Mr. Right,Sam Rockwell
Mr. Right,Tim Roth
Mr. Right,James Ransone
The Secret Life of Walter Mitty,Ben Stiller
The Secret Life of Walter Mitty,Kristen Wiig
The Secret Life of Walter Mitty,Jon Daly
The Secret Life of Walter Mitty,Kathryn Hahn
Dope,Shameik Moore
Dope,Tony Revolori
Dope,Kiersey Clemons
Dope,Kimberly Elise
Underworld Awakening,Kate Beckinsale
Underworld Awakening,Michael Ealy
Underworld Awakening,India Eisley
Underworld Awakening,Stephen Rea
Antichrist,Willem Dafoe
Antichrist,Charlotte Gainsbourg
Antichrist,Storm Acheche Sahlstr��_��_m
Friday the 13th,Jared Padalecki
Friday the 13th,Amanda Righetti
Friday the 13th,Derek Mears
Friday the 13th,Danielle Panabaker
Taken 3,Liam Neeson
Taken 3,Forest Whitaker
Taken 3,Maggie Grace
Taken 3,Famke Janssen
Total Recall,Colin Farrell
Total Recall,Bokeem Woodbine
Total Recall,Bryan Cranston
Total Recall,Kate Beckinsale
X-Men: The Last Stand,Patrick Stewart
X-Men: The Last Stand,Hugh Jackman
X-Men: The Last Stand,Halle Berry
X-Men: The Last Stand,Famke Janssen
Night at the Museum: Secret of the Tomb,Ben Stiller
Night at the Museum: Secret of the Tomb,Robin Williams
Night at the Museum: Secret of the Tomb,Owen Wilson
Night at the Museum: Secret of the Tomb,Dick Van Dyke
Love & Other Drugs,Jake Gyllenhaal
Love & Other Drugs,Anne Hathaway
Love & Other Drugs,Judy Greer
Love & Other Drugs,Oliver Platt
The Interview,James Franco
The Interview,Seth Rogen
The Interview,Randall Park
The Interview,Lizzy Caplan
The Host 2,Kang-ho Song
The Host 2,Hee-Bong Byun
The Host 2,Hae-il Park
The Host 2,Doona Bae
Megan Is Missing,Amber Perkins
Megan Is Missing,Rachel Quinn
Megan Is Missing,Dean Waite
Megan Is Missing,Jael Elizabeth Steinmeyer
WALL��_��_E,Ben Burtt
WALL��_��_E,Elissa Knight
WALL��_��_E,Jeff Garlin
WALL��_��_E,Fred Willard
Knocked Up,Seth Rogen
Knocked Up,Katherine Heigl
Knocked Up,Paul Rudd
Knocked Up,Leslie Mann
Source Code,Jake Gyllenhaal
Source Code,Michelle Monaghan
Source Code,Vera Farmiga
Source Code,Jeffrey Wright
Lawless,Tom Hardy
Lawless,Shia LaBeouf
Lawless,Guy Pearce
Lawless,Jason Clarke
Unfriended,Heather Sossaman
Unfriended,Matthew Bohrer
Unfriended,Courtney Halverson
Unfriended,Shelley Hennig
American Reunion,Jason Biggs
American Reunion,Alyson Hannigan
American Reunion,Seann William Scott
American Reunion,Chris Klein
The Pursuit of Happyness,Will Smith
The Pursuit of Happyness,Thandie Newton
The Pursuit of Happyness,Jaden Smith
The Pursuit of Happyness,Brian Howe
Relatos salvajes,Dar��__o Grandinetti
Relatos salvajes,Mar��__a Marull
Relatos salvajes,M��__nica Villa
Relatos salvajes,Rita Cortese
The Ridiculous 6,Adam Sandler
The Ridiculous 6,Terry Crews
The Ridiculous 6,Jorge Garcia
The Ridiculous 6,Taylor Lautner
Gran Torino,Clint Eastwood
Gran Torino,Bee Vang
Gran Torino,Christopher Carley
Gran Torino,Ahney Her
Burnt,Bradley Cooper
Burnt,Sienna Miller
Burnt,Daniel Br��__hl
Burnt,Riccardo Scamarcio
Sleeping Beauty,Emily Browning
Sleeping Beauty,Rachael Blake
Sleeping Beauty,Ewen Leslie
Sleeping Beauty,Bridgette Barrett
Vampire Academy,Zoey Deutch
Vampire Academy,Lucy Fry
Vampire Academy,Danila Kozlovsky
Vampire Academy,Gabriel Byrne
Sweeney Todd: The Demon Barber of Fleet Street,Johnny Depp
Sweeney Todd: The Demon Barber of Fleet Street,Helena Bonham Carter
Sweeney Todd: The Demon Barber of Fleet Street,Alan Rickman
Sweeney Todd: The Demon Barber of Fleet Street,Timothy Spall
Solace,Anthony Hopkins
Solace,Jeffrey Dean Morgan
Solace,Abbie Cornish
Solace,Colin Farrell
Insidious,Patrick Wilson
Insidious,Rose Byrne
Insidious,Ty Simpkins
Insidious,Lin Shaye
Public Enemies,Christian Bale
Public Enemies,Johnny Depp
Public Enemies,Christian Stolte
Public Enemies,Jason Clarke
Boyhood,Ellar Coltrane
Boyhood,Patricia Arquette
Boyhood,Ethan Hawke
Boyhood,Elijah Smith
Teenage Mutant Ninja Turtles,Megan Fox
Teenage Mutant Ninja Turtles,Will Arnett
Teenage Mutant Ninja Turtles,William Fichtner
Teenage Mutant Ninja Turtles,Noel Fisher
Eastern Promises,Naomi Watts
Eastern Promises,Viggo Mortensen
Eastern Promises,Armin Mueller-Stahl
Eastern Promises,Josef Altin
The Daughter,Geoffrey Rush
The Daughter,Nicholas Hope
The Daughter,Sam Neill
The Daughter,Ewen Leslie
Pineapple Express,Seth Rogen
Pineapple Express,James Franco
Pineapple Express,Gary Cole
Pineapple Express,Danny McBride
The First Time,Dylan O'Brien
The First Time,Britt Robertson
The First Time,Victoria Justice
The First Time,James Frecheville
Gone Baby Gone,Morgan Freeman
Gone Baby Gone,Ed Harris
Gone Baby Gone,Casey Affleck
Gone Baby Gone,Michelle Monaghan
The Heat,Sandra Bullock
The Heat,Michael McDonald
The Heat,Melissa McCarthy
The Heat,Demi��_��_n Bichir
Anna Karenina,Keira Knightley
Anna Karenina,Jude Law
Anna Karenina,Aaron Taylor-Johnson
Anna Karenina,Matthew Macfadyen
Regression,Ethan Hawke
Regression,David Thewlis
Regression,Emma Watson
Regression,Dale Dickey
Ted 2,Mark Wahlberg
Ted 2,Seth MacFarlane
Ted 2,Amanda Seyfried
Ted 2,Jessica Barth
Pain & Gain,Mark Wahlberg
Pain & Gain,Dwayne Johnson
Pain & Gain,Anthony Mackie
Pain & Gain,Tony Shalhoub
Blood Diamond,Leonardo DiCaprio
Blood Diamond,Djimon Hounsou
Blood Diamond,Jennifer Connelly
Blood Diamond,Kagiso Kuypers
Devil's Knot,Colin Firth
Devil's Knot,Reese Witherspoon
Devil's Knot,Alessandro Nivola
Devil's Knot,James Hamrick
Child 44,Tom Hardy
Child 44,Gary Oldman
Child 44,Noomi Rapace
Child 44,Joel Kinnaman
The Hurt Locker,Jeremy Renner
The Hurt Locker,Anthony Mackie
The Hurt Locker,Brian Geraghty
The Hurt Locker,Guy Pearce
Green Lantern,Ryan Reynolds
Green Lantern,Blake Lively
Green Lantern,Peter Sarsgaard
Green Lantern,Mark Strong
The Mist,Thomas Jane
The Mist,Marcia Gay Harden
The Mist,Laurie Holden
The Mist,Andre Braugher
Escape Plan,Sylvester Stallone
Escape Plan,Arnold Schwarzenegger
Escape Plan,50 Cent
Escape Plan,Vincent D'Onofrio
"Love, Rosie",Lily Collins
"Love, Rosie",Sam Claflin
"Love, Rosie",Christian Cooke
"Love, Rosie",Jaime Winstone
The DUFF,Mae Whitman
The DUFF,Bella Thorne
The DUFF,Robbie Amell
The DUFF,Allison Janney
The Hunger Games: Mockingjay - Part 1,Jennifer Lawrence
The Hunger Games: Mockingjay - Part 1,Josh Hutcherson
The Hunger Games: Mockingjay - Part 1,Liam Hemsworth
The Hunger Games: Mockingjay - Part 1,Woody Harrelson
We Need to Talk About Kevin,Tilda Swinton
We Need to Talk About Kevin,John C. Reilly
We Need to Talk About Kevin,Ezra Miller
We Need to Talk About Kevin,Jasper Newell
The Mortal Instruments: City of Bones,Lily Collins
The Mortal Instruments: City of Bones,Jamie Campbell Bower
The Mortal Instruments: City of Bones,Robert Sheehan
The Mortal Instruments: City of Bones,Jemima West
Seven Pounds,Will Smith
Seven Pounds,Rosario Dawson
Seven Pounds,Woody Harrelson
Seven Pounds,Michael Ealy
The King's Speech,Colin Firth
The King's Speech,Geoffrey Rush
The King's Speech,Helena Bonham Carter
The King's Speech,Derek Jacobi
Hunger,Stuart Graham
Hunger,Laine Megaw
Hunger,Brian Milligan
Hunger,Liam McMahon
Jumper,Hayden Christensen
Jumper,Samuel L. Jackson
Jumper,Jamie Bell
Jumper,Rachel Bilson
Toy Story 3,Tom Hanks
Toy Story 3,Tim Allen
Toy Story 3,Joan Cusack
Toy Story 3,Ned Beatty
Tinker Tailor Soldier Spy,Gary Oldman
Tinker Tailor Soldier Spy,Colin Firth
Tinker Tailor Soldier Spy,Tom Hardy
Tinker Tailor Soldier Spy,Mark Strong
Resident Evil: Retribution,Milla Jovovich
Resident Evil: Retribution,Sienna Guillory
Resident Evil: Retribution,Michelle Rodriguez
Resident Evil: Retribution,Aryana Engineer
Pompeii,Kit Harington
Pompeii,Emily Browning
Pompeii,Kiefer Sutherland
Pompeii,Adewale Akinnuoye-Agbaje
Life of Pi,Suraj Sharma
Life of Pi,Irrfan Khan
Life of Pi,Adil Hussain
Life of Pi,Tabu
Hachi: A Dog's Tale,Richard Gere
Hachi: A Dog's Tale,Joan Allen
Hachi: A Dog's Tale,Cary-Hiroyuki Tagawa
Hachi: A Dog's Tale,Sarah Roemer
10 Years,Channing Tatum
10 Years,Rosario Dawson
10 Years,Chris Pratt
10 Years,Jenna Dewan Tatum
I Origins,Michael Pitt
I Origins,Steven Yeun
I Origins,Astrid Berg��s-Frisbey
I Origins,Brit Marling
Live Free or Die Hard,Bruce Willis
Live Free or Die Hard,Justin Long
Live Free or Die Hard,Timothy Olyphant
Live Free or Die Hard,Maggie Q
Funny Games,Naomi Watts
Funny Games,Tim Roth
Funny Games,Michael Pitt
Funny Games,Brady Corbet
Ted,Mark Wahlberg
Ted,Mila Kunis
Ted,Seth MacFarlane
Ted,Joel McHale
RED,Bruce Willis
RED,Helen Mirren
RED,Morgan Freeman
RED,Mary-Louise Parker
Australia,Nicole Kidman
Australia,Hugh Jackman
Australia,Shea Adams
Australia,Eddie Baroo
Faster,Dwayne Johnson
Faster,Billy Bob Thornton
Faster,Maggie Grace
Faster,Mauricio Lopez
The Adjustment Bureau,Matt Damon
The Adjustment Bureau,Emily Blunt
The Adjustment Bureau,Lisa Thoreson
The Adjustment Bureau,Florence Kastriner
The Judge,Robert Downey Jr.
The Judge,Robert Duvall
The Judge,Vera Farmiga
The Judge,Billy Bob Thornton
Closed Circuit,Eric Bana
Closed Circuit,Rebecca Hall
Closed Circuit,Jim Broadbent
Closed Circuit,Ciar��_��_n Hinds
Transformers: Revenge of the Fallen,Shia LaBeouf
Transformers: Revenge of the Fallen,Megan Fox
Transformers: Revenge of the Fallen,Josh Duhamel
Transformers: Revenge of the Fallen,Tyrese Gibson
The Book of Life,Diego Luna
The Book of Life,Zoe Saldana
The Book of Life,Channing Tatum
The Book of Life,Ron Perlman
Incendies,Lubna Azabal
Incendies,M�lissa D�sormeaux-Poulin
Incendies,Maxim Gaudette
Incendies,Mustafa Kamel
The Heartbreak Kid,Ben Stiller
The Heartbreak Kid,Michelle Monaghan
The Heartbreak Kid,Malin Akerman
The Heartbreak Kid,Jerry Stiller
Happy Feet,Elijah Wood
Happy Feet,Brittany Murphy
Happy Feet,Hugh Jackman
Happy Feet,Robin Williams
Entourage,Adrian Grenier
Entourage,Kevin Connolly
Entourage,Jerry Ferrara
Entourage,Kevin Dillon
The Strangers,Scott Speedman
The Strangers,Liv Tyler
The Strangers,Gemma Ward
The Strangers,Alex Fisher
Noah,Russell Crowe
Noah,Jennifer Connelly
Noah,Anthony Hopkins
Noah,Emma Watson
Neighbors,Seth Rogen
Neighbors,Rose Byrne
Neighbors,Zac Efron
Neighbors,Lisa Kudrow
Nymphomaniac: Vol. II,Charlotte Gainsbourg
Nymphomaniac: Vol. II,Stellan Skarsg�rd
Nymphomaniac: Vol. II,Willem Dafoe
Nymphomaniac: Vol. II,Jamie Bell
Wild,Reese Witherspoon
Wild,Laura Dern
Wild,Gaby Hoffmann
Wild,Michiel Huisman
Grown Ups,Adam Sandler
Grown Ups,Salma Hayek
Grown Ups,Kevin James
Grown Ups,Chris Rock
The Karate Kid,Jackie Chan
The Karate Kid,Jaden Smith
The Karate Kid,Taraji P. Henson
The Karate Kid,Wenwen Han
Dark Shadows,Johnny Depp
Dark Shadows,Michelle Pfeiffer
Dark Shadows,Eva Green
Dark Shadows,Helena Bonham Carter
Friends with Benefits,Mila Kunis
Friends with Benefits,Justin Timberlake
Friends with Benefits,Patricia Clarkson
Friends with Benefits,Jenna Elfman
The Illusionist,Edward Norton
The Illusionist,Jessica Biel
The Illusionist,Paul Giamatti
The Illusionist,Rufus Sewell
The A-Team,Liam Neeson
The A-Team,Bradley Cooper
The A-Team,Sharlto Copley
The A-Team,Jessica Biel
The Guest,Dan Stevens
The Guest,Sheila Kelley
The Guest,Maika Monroe
The Guest,Joel David Moore
The Internship,Vince Vaughn
The Internship,Owen Wilson
The Internship,Rose Byrne
The Internship,Aasif Mandvi
Paul,Simon Pegg
Paul,Nick Frost
Paul,Seth Rogen
Paul,Mia Stallard
The Da Vinci Code,Tom Hanks
The Da Vinci Code,Audrey Tautou
The Da Vinci Code,Jean Reno
The Da Vinci Code,Ian McKellen
Hugo,Asa Butterfield
Hugo,Chlo��_��_ Grace Moretz
Hugo,Christopher Lee
Hugo,Ben Kingsley
The Blackcoat's Daughter,Emma Roberts
The Blackcoat's Daughter,Kiernan Shipka
The Blackcoat's Daughter,Lauren Holly
The Blackcoat's Daughter,Lucy Boynton
Body of Lies,Leonardo DiCaprio
Body of Lies,Russell Crowe
Body of Lies,Mark Strong
Body of Lies,Golshifteh Farahani
Knight of Cups,Christian Bale
Knight of Cups,Cate Blanchett
Knight of Cups,Natalie Portman
Knight of Cups,Brian Dennehy
The Mummy: Tomb of the Dragon Emperor,Brendan Fraser
The Mummy: Tomb of the Dragon Emperor,Jet Li
The Mummy: Tomb of the Dragon Emperor,Maria Bello
The Mummy: Tomb of the Dragon Emperor,Michelle Yeoh
El secreto de sus ojos,Ricardo Dar��__n
El secreto de sus ojos,Soledad Villamil
El secreto de sus ojos,Pablo Rago
El secreto de sus ojos,Carla Quevedo
True Grit,Jeff Bridges
True Grit,Matt Damon
True Grit,Hailee Steinfeld
True Grit,Josh Brolin
We Are Your Friends,Zac Efron
We Are Your Friends,Wes Bentley
We Are Your Friends,Emily Ratajkowski
We Are Your Friends,Jonny Weston
A Million Ways to Die in the West,Seth MacFarlane
A Million Ways to Die in the West,Charlize Theron
A Million Ways to Die in the West,Liam Neeson
A Million Ways to Die in the West,Amanda Seyfried
Percy Jackson: Sea of Monsters,Logan Lerman
Percy Jackson: Sea of Monsters,Alexandra Daddario
Percy Jackson: Sea of Monsters,Brandon T. Jackson
Percy Jackson: Sea of Monsters,Nathan Fillion
Fracture,Anthony Hopkins
Fracture,Ryan Gosling
Fracture,David Strathairn
Fracture,Rosamund Pike
Oculus,Karen Gillan
Oculus,Brenton Thwaites
Oculus,Katee Sackhoff
Oculus,Rory Cochrane
In Bruges,Colin Farrell
In Bruges,Brendan Gleeson
In Bruges,Ciar��_��_n Hinds
In Bruges,Elizabeth Berrington
This Means War,Reese Witherspoon
This Means War,Chris Pine
This Means War,Tom Hardy
This Means War,Til Schweiger
The Road,Viggo Mortensen
The Road,Charlize Theron
The Road,Kodi Smit-McPhee
The Road,Robert Duvall
Conan the Barbarian,Jason Momoa
Conan the Barbarian,Ron Perlman
Conan the Barbarian,Rose McGowan
Conan the Barbarian,Stephen Lang
The Fighter,Mark Wahlberg
The Fighter,Christian Bale
The Fighter,Amy Adams
The Fighter,Melissa Leo
August Rush,Freddie Highmore
August Rush,Keri Russell
August Rush,Jonathan Rhys Meyers
August Rush,Terrence Howard
Chef,Jon Favreau
Chef,Robert Downey Jr.
Chef,Scarlett Johansson
Chef,Dustin Hoffman
Eye in the Sky,Helen Mirren
Eye in the Sky,Aaron Paul
Eye in the Sky,Alan Rickman
Eye in the Sky,Barkhad Abdi
Eagle Eye,Shia LaBeouf
Eagle Eye,Michelle Monaghan
Eagle Eye,Rosario Dawson
Eagle Eye,Michael Chiklis
The Purge,Ethan Hawke
The Purge,Lena Headey
The Purge,Max Burkholder
The Purge,Adelaide Kane
PK,Aamir Khan
PK,Anushka Sharma
PK,Sanjay Dutt
PK,Boman Irani
Ender's Game,Harrison Ford
Ender's Game,Asa Butterfield
Ender's Game,Hailee Steinfeld
Ender's Game,Abigail Breslin
Indiana Jones and the Kingdom of the Crystal Skull,Harrison Ford
Indiana Jones and the Kingdom of the Crystal Skull,Cate Blanchett
Indiana Jones and the Kingdom of the Crystal Skull,Shia LaBeouf
Indiana Jones and the Kingdom of the Crystal Skull,Karen Allen
Paper Towns,Nat Wolff
Paper Towns,Cara Delevingne
Paper Towns,Austin Abrams
Paper Towns,Justice Smith
High-Rise,Tom Hiddleston
High-Rise,Jeremy Irons
High-Rise,Sienna Miller
High-Rise,Luke Evans
Quantum of Solace,Daniel Craig
Quantum of Solace,Olga Kurylenko
Quantum of Solace,Mathieu Amalric
Quantum of Solace,Judi Dench
How to Train Your Dragon,Jay Baruchel
How to Train Your Dragon,Gerard Butler
How to Train Your Dragon,Christopher Mintz-Plasse
How to Train Your Dragon,Craig Ferguson
Lady in the Water,Paul Giamatti
Lady in the Water,Bryce Dallas Howard
Lady in the Water,Jeffrey Wright
Lady in the Water,Bob Balaban
The Fountain,Hugh Jackman
The Fountain,Rachel Weisz
The Fountain,Sean Patrick Thomas
The Fountain,Ellen Burstyn
Cars 2,Owen Wilson
Cars 2,Larry the Cable Guy
Cars 2,Michael Caine
Cars 2,Emily Mortimer
Final Girl,Abigail Breslin
Final Girl,Wes Bentley
Final Girl,Logan Huffman
Final Girl,Alexander Ludwig
The Man Who Knew Infinity,Dev Patel
The Man Who Knew Infinity,Jeremy Irons
The Man Who Knew Infinity,Malcolm Sinclair
The Man Who Knew Infinity,Raghuvir Joshi
Unknown,Liam Neeson
Unknown,Diane Kruger
Unknown,January Jones
Unknown,Aidan Quinn
Self/less,Ryan Reynolds
Self/less,Natalie Martinez
Self/less,Matthew Goode
Self/less,Ben Kingsley
Mr. Brooks,Kevin Costner
Mr. Brooks,Demi Moore
Mr. Brooks,William Hurt
Mr. Brooks,Dane Cook
Before We Go,Chris Evans
Before We Go,Alice Eve
Before We Go,Emma Fitzpatrick
Before We Go,John Cullum
Captain Phillips,Tom Hanks
Captain Phillips,Barkhad Abdi
Captain Phillips,Barkhad Abdirahman
Captain Phillips,Catherine Keener
Hotel Transylvania 2,Adam Sandler
Hotel Transylvania 2,Andy Samberg
Hotel Transylvania 2,Selena Gomez
Hotel Transylvania 2,Kevin James
Hancock,Will Smith
Hancock,Charlize Theron
Hancock,Jason Bateman
Hancock,Jae Head
Sisters,Amy Poehler
Sisters,Tina Fey
Sisters,Maya Rudolph
Sisters,Ike Barinholtz
The Family,Robert De Niro
The Family,Michelle Pfeiffer
The Family,Dianna Agron
The Family,John D'Leo
Zack and Miri Make a Porno,Seth Rogen
Zack and Miri Make a Porno,Elizabeth Banks
Zack and Miri Make a Porno,Craig Robinson
Zack and Miri Make a Porno,Gerry Bednob
Man on a Ledge,Sam Worthington
Man on a Ledge,Elizabeth Banks
Man on a Ledge,Jamie Bell
Man on a Ledge,Mandy Gonzalez
No Strings Attached,Natalie Portman
No Strings Attached,Ashton Kutcher
No Strings Attached,Kevin Kline
No Strings Attached,Cary Elwes
Rescue Dawn,Christian Bale
Rescue Dawn,Steve Zahn
Rescue Dawn,Jeremy Davies
Rescue Dawn,Zach Grenier
Despicable Me 2,Steve Carell
Despicable Me 2,Kristen Wiig
Despicable Me 2,Benjamin Bratt
Despicable Me 2,Miranda Cosgrove
A Walk Among the Tombstones,Liam Neeson
A Walk Among the Tombstones,Dan Stevens
A Walk Among the Tombstones,David Harbour
A Walk Among the Tombstones,Boyd Holbrook
The World's End,Simon Pegg
The World's End,Nick Frost
The World's End,Martin Freeman
The World's End,Rosamund Pike
Seven Psychopaths,Colin Farrell
Seven Psychopaths,Woody Harrelson
Seven Psychopaths,Sam Rockwell
Seven Psychopaths,Christopher Walken
Beowulf,Ray Winstone
Beowulf,Crispin Glover
Beowulf,Angelina Jolie
Beowulf,Robin Wright
Jack Ryan: Shadow Recruit,Chris Pine
Jack Ryan: Shadow Recruit,Kevin Costner
Jack Ryan: Shadow Recruit,Keira Knightley
Jack Ryan: Shadow Recruit,Kenneth Branagh
The Gambler,Mark Wahlberg
The Gambler,Jessica Lange
The Gambler,John Goodman
The Gambler,Brie Larson
Prince of Persia: The Sands of Time,Jake Gyllenhaal
Prince of Persia: The Sands of Time,Gemma Arterton
Prince of Persia: The Sands of Time,Ben Kingsley
Prince of Persia: The Sands of Time,Alfred Molina
The Spectacular Now,Miles Teller
The Spectacular Now,Shailene Woodley
The Spectacular Now,Kyle Chandler
The Spectacular Now,Jennifer Jason Leigh
Turbo Kid,Munro Chambers
Turbo Kid,Laurence Leboeuf
Turbo Kid,Michael Ironside
Turbo Kid,Edwin Wright
Mama,Jessica Chastain
Mama,Nikolaj Coster-Waldau
Mama,Megan Charpentier
Mama,Isabelle N�lisse
Orphan,Vera Farmiga
Orphan,Peter Sarsgaard
Orphan,Isabelle Fuhrman
Orphan,CCH Pounder
To Rome with Love,Woody Allen
To Rome with Love,Pen�lope Cruz
To Rome with Love,Jesse Eisenberg
To Rome with Love,Ellen Page
Fantastic Mr. Fox,George Clooney
Fantastic Mr. Fox,Meryl Streep
Fantastic Mr. Fox,Bill Murray
Fantastic Mr. Fox,Jason Schwartzman
Inside Man,Denzel Washington
Inside Man,Clive Owen
Inside Man,Jodie Foster
Inside Man,Christopher Plummer
127 Hours,James Franco
127 Hours,Amber Tamblyn
127 Hours,Kate Mara
127 Hours,Sean Bott
Annabelle,Ward Horton
Annabelle,Annabelle Wallis
Annabelle,Alfre Woodard
Annabelle,Tony Amendola
Suite Fran�_aise,Michelle Williams
Suite Fran�_aise,Kristin Scott Thomas
Suite Fran�_aise,Margot Robbie
Suite Fran�_aise,Eric Godon
The Imaginarium of Doctor Parnassus,Christopher Plummer
The Imaginarium of Doctor Parnassus,Lily Cole
The Imaginarium of Doctor Parnassus,Heath Ledger
The Imaginarium of Doctor Parnassus,Andrew Garfield
G.I. Joe: The Rise of Cobra,Dennis Quaid
G.I. Joe: The Rise of Cobra,Channing Tatum
G.I. Joe: The Rise of Cobra,Marlon Wayans
G.I. Joe: The Rise of Cobra,Adewale Akinnuoye-Agbaje
Man Down,Shia LaBeouf
Man Down,Jai Courtney
Man Down,Gary Oldman
Man Down,Kate Mara
Grindhouse,Kurt Russell
Grindhouse,Rose McGowan
Grindhouse,Danny Trejo
Grindhouse,Zo��_��_ Bell
Disaster Movie,Carmen Electra
Disaster Movie,Vanessa Lachey
Disaster Movie,Nicole Parker
Disaster Movie,Matt Lanter
Rocky Balboa,Sylvester Stallone
Rocky Balboa,Antonio Tarver
Rocky Balboa,Milo Ventimiglia
Rocky Balboa,Burt Young
Diary of a Wimpy Kid: Dog Days,Zachary Gordon
Diary of a Wimpy Kid: Dog Days,Robert Capron
Diary of a Wimpy Kid: Dog Days,Devon Bostick
Diary of a Wimpy Kid: Dog Days,Steve Zahn
Jane Eyre,Mia Wasikowska
Jane Eyre,Michael Fassbender
Jane Eyre,Jamie Bell
Jane Eyre,Su Elliot
Fool's Gold,Matthew McConaughey
Fool's Gold,Kate Hudson
Fool's Gold,Donald Sutherland
Fool's Gold,Alexis Dziena
The Dictator,Sacha Baron Cohen
The Dictator,Anna Faris
The Dictator,John C. Reilly
The Dictator,Ben Kingsley
The Loft,Karl Urban
The Loft,James Marsden
The Loft,Wentworth Miller
The Loft,Eric Stonestreet
You Don't Mess with the Zohan,Adam Sandler
You Don't Mess with the Zohan,John Turturro
You Don't Mess with the Zohan,Emmanuelle Chriqui
You Don't Mess with the Zohan,Nick Swardson
Horrible Bosses 2,Jason Bateman
Horrible Bosses 2,Jason Sudeikis
Horrible Bosses 2,Charlie Day
Horrible Bosses 2,Jennifer Aniston
A Bigger Splash,Tilda Swinton
A Bigger Splash,Matthias Schoenaerts
A Bigger Splash,Ralph Fiennes
A Bigger Splash,Dakota Johnson
Melancholia,Kirsten Dunst
Melancholia,Charlotte Gainsbourg
Melancholia,Kiefer Sutherland
Melancholia,Alexander Skarsg�rd
The Princess and the Frog,Anika Noni Rose
The Princess and the Frog,Keith David
The Princess and the Frog,Oprah Winfrey
The Princess and the Frog,Bruno Campos
Unstoppable,Denzel Washington
Unstoppable,Chris Pine
Unstoppable,Rosario Dawson
Unstoppable,Ethan Suplee
Flight,Denzel Washington
Flight,Nadine Velazquez
Flight,Don Cheadle
Flight,John Goodman
Home,Jim Parsons
Home,Rihanna
Home,Steve Martin
Home,Jennifer Lopez
La migliore offerta,Geoffrey Rush
La migliore offerta,Jim Sturgess
La migliore offerta,Sylvia Hoeks
La migliore offerta,Donald Sutherland
Begin Again,Keira Knightley
Begin Again,Mark Ruffalo
Begin Again,Adam Levine
Begin Again,Hailee Steinfeld
Out of the Furnace,Christian Bale
Out of the Furnace,Casey Affleck
Out of the Furnace,Zoe Saldana
Out of the Furnace,Woody Harrelson
Vicky Cristina Barcelona,Rebecca Hall
Vicky Cristina Barcelona,Scarlett Johansson
Vicky Cristina Barcelona,Javier Bardem
Vicky Cristina Barcelona,Christopher Evan Welch
Kung Fu Panda,Jack Black
Kung Fu Panda,Ian McShane
Kung Fu Panda,Angelina Jolie
Kung Fu Panda,Dustin Hoffman
Terminator Salvation,Christian Bale
Terminator Salvation,Sam Worthington
Terminator Salvation,Anton Yelchin
Terminator Salvation,Moon Bloodgood
Freedom Writers,Hilary Swank
Freedom Writers,Imelda Staunton
Freedom Writers,Patrick Dempsey
Freedom Writers,Scott Glenn
The Hills Have Eyes,Ted Levine
The Hills Have Eyes,Kathleen Quinlan
The Hills Have Eyes,Dan Byrd
The Hills Have Eyes,Emilie de Ravin
Changeling,Angelina Jolie
Changeling,Colm Feore
Changeling,Amy Ryan
Changeling,Gattlin Griffith
Remember Me,Robert Pattinson
Remember Me,Emilie de Ravin
Remember Me,Caitlyn Rund
Remember Me,Mois�s Acevedo
"Alexander and the Terrible, Horrible, No Good, Very Bad Day",Steve Carell
"Alexander and the Terrible, Horrible, No Good, Very Bad Day",Jennifer Garner
"Alexander and the Terrible, Horrible, No Good, Very Bad Day",Ed Oxenbould
"Alexander and the Terrible, Horrible, No Good, Very Bad Day",Dylan Minnette
Locke,Tom Hardy
Locke,Olivia Colman
Locke,Ruth Wilson
Locke,Andrew Scott
Horns,Daniel Radcliffe
Horns,Juno Temple
Horns,Max Minghella
Horns,Joe Anderson
The Stanford Prison Experiment,Ezra Miller
The Stanford Prison Experiment,Tye Sheridan
The Stanford Prison Experiment,Billy Crudup
The Stanford Prison Experiment,Olivia Thirlby
Diary of a Wimpy Kid: Rodrick Rules,Zachary Gordon
Diary of a Wimpy Kid: Rodrick Rules,Devon Bostick
Diary of a Wimpy Kid: Rodrick Rules,Robert Capron
Diary of a Wimpy Kid: Rodrick Rules,Rachael Harris
Mission: Impossible III,Tom Cruise
Mission: Impossible III,Michelle Monaghan
Mission: Impossible III,Ving Rhames
Mission: Impossible III,Philip Seymour Hoffman
En man som heter Ove,Rolf Lassg�rd
En man som heter Ove,Bahar Pars
En man som heter Ove,Filip Berg
En man som heter Ove,Ida Engvoll
Dragonball Evolution,Justin Chatwin
Dragonball Evolution,James Marsters
Dragonball Evolution,Yun-Fat Chow
Dragonball Evolution,Emmy Rossum
Red Dawn,Chris Hemsworth
Red Dawn,Isabel Lucas
Red Dawn,Josh Hutcherson
Red Dawn,Josh Peck
One Day,Anne Hathaway
One Day,Jim Sturgess
One Day,Patricia Clarkson
One Day,Tom Mison
Life as We Know It,Katherine Heigl
Life as We Know It,Josh Duhamel
Life as We Know It,Josh Lucas
Life as We Know It,Alexis Clagett
28 Weeks Later,Jeremy Renner
28 Weeks Later,Rose Byrne
28 Weeks Later,Robert Carlyle
28 Weeks Later,Harold Perrineau
Warm Bodies,Nicholas Hoult
Warm Bodies,Teresa Palmer
Warm Bodies,John Malkovich
Warm Bodies,Analeigh Tipton
Blue Jasmine,Cate Blanchett
Blue Jasmine,Alec Baldwin
Blue Jasmine,Peter Sarsgaard
Blue Jasmine,Sally Hawkins
G.I. Joe: Retaliation,Dwayne Johnson
G.I. Joe: Retaliation,Channing Tatum
G.I. Joe: Retaliation,Adrianne Palicki
G.I. Joe: Retaliation,Byung-hun Lee
Wrath of the Titans,Sam Worthington
Wrath of the Titans,Liam Neeson
Wrath of the Titans,Rosamund Pike
Wrath of the Titans,Ralph Fiennes
Saving Mr. Banks,Emma Thompson
Saving Mr. Banks,Tom Hanks
Saving Mr. Banks,Annie Rose Buckley
Saving Mr. Banks,Colin Farrell
Transcendence,Johnny Depp
Transcendence,Rebecca Hall
Transcendence,Morgan Freeman
Transcendence,Cillian Murphy
Rio,Jesse Eisenberg
Rio,Anne Hathaway
Rio,George Lopez
Rio,Karen Disher
Equals,Nicholas Hoult
Equals,Kristen Stewart
Equals,Vernetta Lopez
Equals,Scott Lawrence
Babel,Brad Pitt
Babel,Cate Blanchett
Babel,Gael Garc��__a Bernal
Babel,Mohamed Akhzam
The Tree of Life,Brad Pitt
The Tree of Life,Sean Penn
The Tree of Life,Jessica Chastain
The Tree of Life,Hunter McCracken
The Lucky One,Zac Efron
The Lucky One,Taylor Schilling
The Lucky One,Blythe Danner
The Lucky One,Riley Thomas Stewart
Piranha 3D,Elisabeth Shue
Piranha 3D,Jerry O'Connell
Piranha 3D,Richard Dreyfuss
Piranha 3D,Ving Rhames
50/50,Joseph Gordon-Levitt
50/50,Seth Rogen
50/50,Anna Kendrick
50/50,Bryce Dallas Howard
This Is 40,Paul Rudd
This Is 40,Leslie Mann
This Is 40,Maude Apatow
This Is 40,Iris Apatow
Real Steel,Hugh Jackman
Real Steel,Evangeline Lilly
Real Steel,Dakota Goyo
Real Steel,Anthony Mackie
Sex and the City,Sarah Jessica Parker
Sex and the City,Kim Cattrall
Sex and the City,Cynthia Nixon
Sex and the City,Kristin Davis
Rambo,Sylvester Stallone
Rambo,Julie Benz
Rambo,Matthew Marsden
Rambo,Graham McTavish
Planet Terror,Rose McGowan
Planet Terror,Freddy Rodr��__guez
Planet Terror,Josh Brolin
Planet Terror,Marley Shelton
Concussion,Will Smith
Concussion,Alec Baldwin
Concussion,Albert Brooks
Concussion,David Morse
The Fall,Lee Pace
The Fall,Catinca Untaru
The Fall,Justine Waddell
The Fall,Kim Uylenbroek
The Ugly Truth,Katherine Heigl
The Ugly Truth,Gerard Butler
The Ugly Truth,Bree Turner
The Ugly Truth,Eric Winter
Bride Wars,Kate Hudson
Bride Wars,Anne Hathaway
Bride Wars,Candice Bergen
Bride Wars,Bryan Greenberg
Sleeping with Other People,Jason Sudeikis
Sleeping with Other People,Alison Brie
Sleeping with Other People,Jordan Carlos
Sleeping with Other People,Margarita Levieva
Snakes on a Plane,Samuel L. Jackson
Snakes on a Plane,Julianna Margulies
Snakes on a Plane,Nathan Phillips
Snakes on a Plane,Rachel Blanchard
What If,Daniel Radcliffe
What If,Zoe Kazan
What If,Megan Park
What If,Adam Driver
How to Train Your Dragon 2,Jay Baruchel
How to Train Your Dragon 2,Cate Blanchett
How to Train Your Dragon 2,Gerard Butler
How to Train Your Dragon 2,Craig Ferguson
RoboCop,Joel Kinnaman
RoboCop,Gary Oldman
RoboCop,Michael Keaton
RoboCop,Abbie Cornish
"Hello, My Name Is Doris",Sally Field
"Hello, My Name Is Doris",Max Greenfield
"Hello, My Name Is Doris",Tyne Daly
"Hello, My Name Is Doris",Wendi McLendon-Covey
Ocean's Thirteen,George Clooney
Ocean's Thirteen,Brad Pitt
Ocean's Thirteen,Matt Damon
Ocean's Thirteen,Michael Mantell
Slither,Nathan Fillion
Slither,Elizabeth Banks
Slither,Michael Rooker
Slither,Don Thompson
Contagion,Matt Damon
Contagion,Kate Winslet
Contagion,Jude Law
Contagion,Gwyneth Paltrow
Il racconto dei racconti - Tale of Tales,Salma Hayek
Il racconto dei racconti - Tale of Tales,Vincent Cassel
Il racconto dei racconti - Tale of Tales,Toby Jones
Il racconto dei racconti - Tale of Tales,John C. Reilly
Bridge to Terabithia,Josh Hutcherson
Bridge to Terabithia,AnnaSophia Robb
Bridge to Terabithia,Zooey Deschanel
Bridge to Terabithia,Robert Patrick
Coherence,Emily Baldoni
Coherence,Maury Sterling
Coherence,Nicholas Brendon
Coherence,Elizabeth Gracen
Notorious,Jamal Woolard
Notorious,Anthony Mackie
Notorious,Derek Luke
Notorious,Momo Dione
The Expendables 2,Sylvester Stallone
The Expendables 2,Liam Hemsworth
The Expendables 2,Randy Couture
The Expendables 2,Jean-Claude Van Damme
The Girl Next Door,William Atherton
The Girl Next Door,Blythe Auffarth
The Girl Next Door,Blanche Baker
The Girl Next Door,Kevin Chamberlin
Perfume: The Story of a Murderer,Ben Whishaw
Perfume: The Story of a Murderer,Dustin Hoffman
Perfume: The Story of a Murderer,Alan Rickman
Perfume: The Story of a Murderer,Francesc Albiol
The Golden Compass,Nicole Kidman
The Golden Compass,Daniel Craig
The Golden Compass,Dakota Blue Richards
The Golden Compass,Ben Walker
Centurion,Michael Fassbender
Centurion,Dominic West
Centurion,Olga Kurylenko
Centurion,Andreas Wisniewski
Scouts Guide to the Zombie Apocalypse,Tye Sheridan
Scouts Guide to the Zombie Apocalypse,Logan Miller
Scouts Guide to the Zombie Apocalypse,Joey Morgan
Scouts Guide to the Zombie Apocalypse,Sarah Dumont
17 Again,Zac Efron
17 Again,Matthew Perry
17 Again,Leslie Mann
17 Again,Thomas Lennon
No Escape,Lake Bell
No Escape,Pierce Brosnan
No Escape,Owen Wilson
No Escape,Chatchawai Kamonsakpitak
Superman Returns,Brandon Routh
Superman Returns,Kevin Spacey
Superman Returns,Kate Bosworth
Superman Returns,James Marsden
The Twilight Saga: Breaking Dawn - Part 1,Kristen Stewart
The Twilight Saga: Breaking Dawn - Part 1,Robert Pattinson
The Twilight Saga: Breaking Dawn - Part 1,Taylor Lautner
The Twilight Saga: Breaking Dawn - Part 1,Gil Birmingham
Precious,Gabourey Sidibe
Precious,Mo'Nique
Precious,Paula Patton
Precious,Mariah Carey
The Sea of Trees,Matthew McConaughey
The Sea of Trees,Naomi Watts
The Sea of Trees,Ken Watanabe
The Sea of Trees,Ryoko Seta
The Master,Philip Seymour Hoffman
The Master,Joaquin Phoenix
The Master,Amy Adams
The Master,Jesse Plemons
Footloose,Kenny Wormald
Footloose,Julianne Hough
Footloose,Dennis Quaid
Footloose,Andie MacDowell
If I Stay,Chlo��_��_ Grace Moretz
If I Stay,Mireille Enos
If I Stay,Jamie Blackley
If I Stay,Joshua Leonard
Talladega Nights: The Ballad of Ricky Bobby,Will Ferrell
Talladega Nights: The Ballad of Ricky Bobby,John C. Reilly
Talladega Nights: The Ballad of Ricky Bobby,Sacha Baron Cohen
Talladega Nights: The Ballad of Ricky Bobby,Gary Cole
The Human Centipede (First Sequence),Dieter Laser
The Human Centipede (First Sequence),Ashley C. Williams
The Human Centipede (First Sequence),Ashlynn Yennie
The Human Centipede (First Sequence),Akihiro Kitamura
Super,Rainn Wilson
Super,Ellen Page
Super,Liv Tyler
Super,Kevin Bacon
Up in the Air,George Clooney
Up in the Air,Vera Farmiga
Up in the Air,Anna Kendrick
Up in the Air,Jason Bateman
The Midnight Meat Train,Vinnie Jones
The Midnight Meat Train,Bradley Cooper
The Midnight Meat Train,Leslie Bibb
The Midnight Meat Train,Brooke Shields
The Twilight Saga: Eclipse,Kristen Stewart
The Twilight Saga: Eclipse,Robert Pattinson
The Twilight Saga: Eclipse,Taylor Lautner
The Twilight Saga: Eclipse,Xavier Samuel
What's Your Number?,Anna Faris
What's Your Number?,Chris Evans
What's Your Number?,Ari Graynor
What's Your Number?,Blythe Danner
Riddick,Vin Diesel
Riddick,Karl Urban
Riddick,Katee Sackhoff
Riddick,Jordi Moll��_��_
Triangle,Melissa George
Triangle,Joshua McIvor
Triangle,Jack Taylor
Triangle,Michael Dorman
The Butler,Forest Whitaker
The Butler,Oprah Winfrey
The Butler,John Cusack
The Butler,Jane Fonda
After Earth,Jaden Smith
After Earth,David Denman
After Earth,Will Smith
After Earth,Sophie Okonedo
Me and Earl and the Dying Girl,Thomas Mann
Me and Earl and the Dying Girl,RJ Cyler
Me and Earl and the Dying Girl,Olivia Cooke
Me and Earl and the Dying Girl,Nick Offerman
The Descendants,George Clooney
The Descendants,Shailene Woodley
The Descendants,Amara Miller
The Descendants,Nick Krause
Sex and the City 2,Sarah Jessica Parker
Sex and the City 2,Kim Cattrall
Sex and the City 2,Kristin Davis
Sex and the City 2,Cynthia Nixon
The Kings of Summer,Nick Robinson
The Kings of Summer,Gabriel Basso
The Kings of Summer,Moises Arias
The Kings of Summer,Nick Offerman
Death Race,Jason Statham
Death Race,Joan Allen
Death Race,Tyrese Gibson
Death Race,Ian McShane
That Awkward Moment,Zac Efron
That Awkward Moment,Michael B. Jordan
That Awkward Moment,Miles Teller
That Awkward Moment,Imogen Poots
Legion,Paul Bettany
Legion,Dennis Quaid
Legion,Charles S. Dutton
Legion,Lucas Black
End of Watch,Jake Gyllenhaal
End of Watch,Michael Pe�a
End of Watch,Anna Kendrick
End of Watch,America Ferrera
3 Days to Kill,Kevin Costner
3 Days to Kill,Hailee Steinfeld
3 Days to Kill,Connie Nielsen
3 Days to Kill,Amber Heard
Lucky Number Slevin,Josh Hartnett
Lucky Number Slevin,Ben Kingsley
Lucky Number Slevin,Morgan Freeman
Lucky Number Slevin,Lucy Liu
Trance,James McAvoy
Trance,Rosario Dawson
Trance,Vincent Cassel
Trance,Danny Sapani
Into the Forest,Ellen Page
Into the Forest,Evan Rachel Wood
Into the Forest,Max Minghella
Into the Forest,Callum Keith Rennie
The Other Boleyn Girl,Natalie Portman
The Other Boleyn Girl,Scarlett Johansson
The Other Boleyn Girl,Eric Bana
The Other Boleyn Girl,Jim Sturgess
I Spit on Your Grave,Sarah Butler
I Spit on Your Grave,Jeff Branson
I Spit on Your Grave,Andrew Howard
I Spit on Your Grave,Daniel Franzese
Inland Empire,Laura Dern
Inland Empire,Jeremy Irons
Inland Empire,Justin Theroux
Inland Empire,Karolina Gruszka
The Walk,Joseph Gordon-Levitt
The Walk,Charlotte Le Bon
The Walk,Guillaume Baillargeon
The Walk,��_��_milie Leclerc
Wrecker,Anna Hutchison
Wrecker,Andrea Whitburn
Wrecker,Jennifer Koenig
Wrecker,Michael Dickson
The Lone Ranger,Johnny Depp
The Lone Ranger,Armie Hammer
The Lone Ranger,William Fichtner
The Lone Ranger,Tom Wilkinson
Texas Chainsaw 3D,Alexandra Daddario
Texas Chainsaw 3D,Tania Raymonde
Texas Chainsaw 3D,Scott Eastwood
Texas Chainsaw 3D,Trey Songz
Disturbia,Shia LaBeouf
Disturbia,David Morse
Disturbia,Carrie-Anne Moss
Disturbia,Sarah Roemer
Rock of Ages,Julianne Hough
Rock of Ages,Diego Boneta
Rock of Ages,Tom Cruise
Rock of Ages,Alec Baldwin
Scream 4,Neve Campbell
Scream 4,Courteney Cox
Scream 4,David Arquette
Scream 4,Lucy Hale
Dark Places,Charlize Theron
Dark Places,Nicholas Hoult
Dark Places,Christina Hendricks
Dark Places,Chlo��_��_ Grace Moretz
The Skin I Live In,Antonio Banderas
The Skin I Live In,Elena Anaya
The Skin I Live In,Jan Cornet
The Skin I Live In,Marisa Paredes
Annie,Quvenzhan� Wallis
Annie,Cameron Diaz
Annie,Jamie Foxx
Annie,Rose Byrne
Across the Universe,Evan Rachel Wood
Across the Universe,Jim Sturgess
Across the Universe,Joe Anderson
Across the Universe,Dana Fuchs
Let's Be Cops,Jake Johnson
Let's Be Cops,Damon Wayans Jr.
Let's Be Cops,Rob Riggle
Let's Be Cops,Nina Dobrev
Max,Thomas Haden Church
Max,Josh Wiggins
Max,Luke Kleintank
Max,Lauren Graham
Your Highness,Danny McBride
Your Highness,Natalie Portman
Your Highness,James Franco
Your Highness,Rasmus Hardiker
Final Destination 5,Nicholas D'Agosto
Final Destination 5,Emma Bell
Final Destination 5,Arlen Escarpeta
Final Destination 5,Miles Fisher
Endless Love,Gabriella Wilde
Endless Love,Alex Pettyfer
Endless Love,Bruce Greenwood
Endless Love,Robert Patrick
Martyrs,Morjana Alaoui
Martyrs,Myl��ne Jampano��_��_
Martyrs,Catherine B�gin
Martyrs,Robert Toupin
Selma,David Oyelowo
Selma,Carmen Ejogo
Selma,Tim Roth
Selma,Lorraine Toussaint
Underworld: Rise of the Lycans,Rhona Mitra
Underworld: Rise of the Lycans,Michael Sheen
Underworld: Rise of the Lycans,Bill Nighy
Underworld: Rise of the Lycans,Steven Mackintosh
Taare Zameen Par,Darsheel Safary
Taare Zameen Par,Aamir Khan
Taare Zameen Par,Tanay Chheda
Taare Zameen Par,Sachet Engineer
Take Me Home Tonight,Topher Grace
Take Me Home Tonight,Anna Faris
Take Me Home Tonight,Dan Fogler
Take Me Home Tonight,Teresa Palmer
Resident Evil: Afterlife,Milla Jovovich
Resident Evil: Afterlife,Ali Larter
Resident Evil: Afterlife,Wentworth Miller
Resident Evil: Afterlife,Kim Coates
Project X,Thomas Mann
Project X,Oliver Cooper
Project X,Jonathan Daniel Brown
Project X,Dax Flame
Secret in Their Eyes,Chiwetel Ejiofor
Secret in Their Eyes,Nicole Kidman
Secret in Their Eyes,Julia Roberts
Secret in Their Eyes,Dean Norris
Hostel: Part II,Lauren German
Hostel: Part II,Heather Matarazzo
Hostel: Part II,Bijou Phillips
Hostel: Part II,Roger Bart
Step Up 2: The Streets,Robert Hoffman
Step Up 2: The Streets,Briana Evigan
Step Up 2: The Streets,Cassie Ventura
Step Up 2: The Streets,Adam G. Sevani
Search Party,Adam Pally
Search Party,T.J. Miller
Search Party,Thomas Middleditch
Search Party,Shannon Woodward