Id,Label
50 Cent,50 Cent
A.C. Peterson,A.C. Peterson
AJ Michalka,AJ Michalka
Aamir Khan,Aamir Khan
Aaron Burns,Aaron Burns
Aaron Eckhart,Aaron Eckhart
Aaron Paul,Aaron Paul
Aaron Poole,Aaron Poole
Aaron Taylor-Johnson,Aaron Taylor-Johnson
Aaron Yoo,Aaron Yoo
Aasif Mandvi,Aasif Mandvi
Abbie Cornish,Abbie Cornish
Abigail Breslin,Abigail Breslin
Adam Brody,Adam Brody
Adam Campbell,Adam Campbell
Adam Devine,Adam Devine
Adam Driver,Adam Driver
Adam G. Sevani,Adam G. Sevani
Adam Levine,Adam Levine
Adam Pally,Adam Pally
Adam Rodriguez,Adam Rodriguez
Adam Sandler,Adam Sandler
Addison Timlin,Addison Timlin
Adelaide Kane,Adelaide Kane
Adewale Akinnuoye-Agbaje,Adewale Akinnuoye-Agbaje
Adil Hussain,Adil Hussain
Adria Arjona,Adria Arjona
Adrian Grenier,Adrian Grenier
Adrian Martinez,Adrian Martinez
Adrian Titieni,Adrian Titieni
Adrianne Palicki,Adrianne Palicki
Adrien Brody,Adrien Brody
Ad̬le Exarchopoulos,Ad̬le Exarchopoulos
Ahney Her,Ahney Her
Aidan Gillen,Aidan Gillen
Aidan Quinn,Aidan Quinn
Aidan Turner,Aidan Turner
Aiden Longworth,Aiden Longworth
Akihiro Kitamura,Akihiro Kitamura
Akiva Schaffer,Akiva Schaffer
Alain Moussi,Alain Moussi
Alan Alda,Alan Alda
Alan Arkin,Alan Arkin
Alan Rickman,Alan Rickman
Alan Tudyk,Alan Tudyk
Albert Brooks,Albert Brooks
Albert Finney,Albert Finney
Alden Ehrenreich,Alden Ehrenreich
Aldis Hodge,Aldis Hodge
Alec Baldwin,Alec Baldwin
Aleksandr Armer,Aleksandr Armer
Alessandro Nivola,Alessandro Nivola
Alex Essoe,Alex Essoe
Alex Fisher,Alex Fisher
Alex Karpovsky,Alex Karpovsky
Alex Pettyfer,Alex Pettyfer
Alex R. Hibbert,Alex R. Hibbert
Alexander Black,Alexander Black
Alexander Ludwig,Alexander Ludwig
Alexander Skarsg̴rd,Alexander Skarsg̴rd
Alexandra Daddario,Alexandra Daddario
Alexandra Maria Lara,Alexandra Maria Lara
Alexi Pappas,Alexi Pappas
Alexis Clagett,Alexis Clagett
Alexis Dziena,Alexis Dziena
Alfie Allen,Alfie Allen
Alfre Woodard,Alfre Woodard
Alfred Molina,Alfred Molina
Ali Larter,Ali Larter
Alia Bhatt,Alia Bhatt
Alia Shawkat,Alia Shawkat
Alice Braga,Alice Braga
Alice Englert,Alice Englert
Alice Eve,Alice Eve
Alicia Vikander,Alicia Vikander
Alison Brie,Alison Brie
Alison Pill,Alison Pill
Alison Sudol,Alison Sudol
Alistair Abell,Alistair Abell
Allen Leech,Allen Leech
Allison Janney,Allison Janney
Allison Tolman,Allison Tolman
Alon Aboutboul,Alon Aboutboul
Alycia Debnam-Carey,Alycia Debnam-Carey
Alyson Hannigan,Alyson Hannigan
Amanda Bynes,Amanda Bynes
Amanda Peet,Amanda Peet
Amanda Righetti,Amanda Righetti
Amanda Seyfried,Amanda Seyfried
Amara Miller,Amara Miller
Amber Heard,Amber Heard
Amber Perkins,Amber Perkins
Amber Tamblyn,Amber Tamblyn
America Ferrera,America Ferrera
Amr Waked,Amr Waked
Amy Adams,Amy Adams
Amy Poehler,Amy Poehler
Amy Ryan,Amy Ryan
Amy Schumer,Amy Schumer
Ana Wagener,Ana Wagener
Ana de Armas,Ana de Armas
Analeigh Tipton,Analeigh Tipton
Anders Danielsen Lie,Anders Danielsen Lie
Anders Holm,Anders Holm
Andie MacDowell,Andie MacDowell
Andre Braugher,Andre Braugher
Andrea Riseborough,Andrea Riseborough
Andrea Whitburn,Andrea Whitburn
Andreas Wisniewski,Andreas Wisniewski
Andrew Garfield,Andrew Garfield
Andrew Howard,Andrew Howard
Andrew Scott,Andrew Scott
Andrew Simpson,Andrew Simpson
Andr̩ Marcon,Andr̩ Marcon
Andy Buckley,Andy Buckley
Andy Garcia,Andy Garcia
Andy Lau,Andy Lau
Andy Powers,Andy Powers
Andy Samberg,Andy Samberg
Andy Serkis,Andy Serkis
Ang Phula Sherpa,Ang Phula Sherpa
Angela Bassett,Angela Bassett
Angeliki Papoulia,Angeliki Papoulia
Angelina Jolie,Angelina Jolie
Angelique Pereira,Angelique Pereira
Angelo Josue Lozano Corzo,Angelo Josue Lozano Corzo
Angourie Rice,Angourie Rice
Anika Noni Rose,Anika Noni Rose
Anil Kapoor,Anil Kapoor
Anna Camp,Anna Camp
Anna Faris,Anna Faris
Anna Foglietta,Anna Foglietta
Anna Friel,Anna Friel
Anna Hutchison,Anna Hutchison
Anna Kendrick,Anna Kendrick
AnnaSophia Robb,AnnaSophia Robb
Annabelle Attanasio,Annabelle Attanasio
Annabelle Wallis,Annabelle Wallis
Annabeth Gish,Annabeth Gish
Annalise Basso,Annalise Basso
Anne Consigny,Anne Consigny
Anne Dorval,Anne Dorval
Anne Hathaway,Anne Hathaway
Anne Le Ny,Anne Le Ny
Annette Bening,Annette Bening
Annie Rose Buckley,Annie Rose Buckley
Annika Wedderkopp,Annika Wedderkopp
Ansel Elgort,Ansel Elgort
Anthony Anderson,Anthony Anderson
Anthony Cirillo,Anthony Cirillo
Anthony Edwards,Anthony Edwards
Anthony Hopkins,Anthony Hopkins
Anthony LaPaglia,Anthony LaPaglia
Anthony Mackie,Anthony Mackie
Antje Traue,Antje Traue
Antoine Bertrand,Antoine Bertrand
Antoine-Olivier Pilon,Antoine-Olivier Pilon
Anton Adasinsky,Anton Adasinsky
Anton Yelchin,Anton Yelchin
Antonia Ribero,Antonia Ribero
Antonio Banderas,Antonio Banderas
Antonio Tarver,Antonio Tarver
Anushka Sharma,Anushka Sharma
Anushka Shetty,Anushka Shetty
Anya Taylor-Joy,Anya Taylor-Joy
Aoi Yuki,Aoi Yuki
Aomi Muyock,Aomi Muyock
Ari Graynor,Ari Graynor
Ariadna Gil,Ariadna Gil
Ariel Levy,Ariel Levy
Arielle Holmes,Arielle Holmes
Arlen Escarpeta,Arlen Escarpeta
Armie Hammer,Armie Hammer
Armin Mueller-Stahl,Armin Mueller-Stahl
Arnaud Viard,Arnaud Viard
Arnold Schwarzenegger,Arnold Schwarzenegger
Art Parkinson,Art Parkinson
Arturo Castro,Arturo Castro
Aryana Engineer,Aryana Engineer
Asa Butterfield,Asa Butterfield
Ashleigh Cummings,Ashleigh Cummings
Ashley Benson,Ashley Benson
Ashley C. Williams,Ashley C. Williams
Ashley Tisdale,Ashley Tisdale
Ashley Walters,Ashley Walters
Ashlyn Sanchez,Ashlyn Sanchez
Ashlynn Yennie,Ashlynn Yennie
Ashton Kutcher,Ashton Kutcher
Astrid Berg̬s-Frisbey,Astrid Berg̬s-Frisbey
Aubrey Plaza,Aubrey Plaza
Audrey Fleurot,Audrey Fleurot
Audrey Tautou,Audrey Tautou
Auli'i Cravalho,Auli'i Cravalho
Aur̩lien Recoing,Aur̩lien Recoing
Austin Abrams,Austin Abrams
Austin Pendleton,Austin Pendleton
Austin Stowell,Austin Stowell
Axel Devillers,Axel Devillers
Ayse Howard,Ayse Howard
Babak Karimi,Babak Karimi
Bahar Pars,Bahar Pars
Bailey Anne Borders,Bailey Anne Borders
Baptiste Goy,Baptiste Goy
Barbara Crampton,Barbara Crampton
Barkhad Abdi,Barkhad Abdi
Barkhad Abdirahman,Barkhad Abdirahman
Barry Pepper,Barry Pepper
Barry Ward,Barry Ward
Bee Vang,Bee Vang
Bel Powley,Bel Powley
Bella Heathcote,Bella Heathcote
Bella Thorne,Bella Thorne
Ben Affleck,Ben Affleck
Ben Barnes,Ben Barnes
Ben Burtt,Ben Burtt
Ben Foster,Ben Foster
Ben Kingsley,Ben Kingsley
Ben Stiller,Ben Stiller
Ben Walker,Ben Walker
Ben Whishaw,Ben Whishaw
Ben Winchell,Ben Winchell
Benedict Cumberbatch,Benedict Cumberbatch
Benedict Wong,Benedict Wong
Benicio Del Toro,Benicio Del Toro
Benjamin Bratt,Benjamin Bratt
Benjamin Walker,Benjamin Walker
Beverly D'Angelo,Beverly D'Angelo
Bijou Phillips,Bijou Phillips
Bill Engvall,Bill Engvall
Bill Hader,Bill Hader
Bill Murray,Bill Murray
Bill Nighy,Bill Nighy
Bill Paxton,Bill Paxton
Bill Pullman,Bill Pullman
Billie Piper,Billie Piper
Billy Bob Thornton,Billy Bob Thornton
Billy Burke,Billy Burke
Billy Connolly,Billy Connolly
Billy Crudup,Billy Crudup
Billy Crystal,Billy Crystal
Billy Magnussen,Billy Magnussen
Blake Jenner,Blake Jenner
Blake Lively,Blake Lively
Blanche Baker,Blanche Baker
Blythe Auffarth,Blythe Auffarth
Blythe Danner,Blythe Danner
Bob Balaban,Bob Balaban
Bob the Cat,Bob the Cat
Bokeem Woodbine,Bokeem Woodbine
Boman Irani,Boman Irani
Bonnie Hunt,Bonnie Hunt
Boyd Holbrook,Boyd Holbrook
Brad Garrett,Brad Garrett
Brad Pitt,Brad Pitt
Bradley Cooper,Bradley Cooper
Brady Corbet,Brady Corbet
Branden Coles,Branden Coles
Brandon Routh,Brandon Routh
Brandon Scott,Brandon Scott
Brandon T. Jackson,Brandon T. Jackson
Brea Grant,Brea Grant
Bree Turner,Bree Turner
Brenda Blethyn,Brenda Blethyn
Brendan Fraser,Brendan Fraser
Brendan Gleeson,Brendan Gleeson
Brenton Thwaites,Brenton Thwaites
Brett Cullen,Brett Cullen
Bria L. Murphy,Bria L. Murphy
Brian Caspe,Brian Caspe
Brian Cox,Brian Cox
Brian Dennehy,Brian Dennehy
Brian Geraghty,Brian Geraghty
Brian Howe,Brian Howe
Brian Marc,Brian Marc
Brian Milligan,Brian Milligan
Brian White,Brian White
Briana Evigan,Briana Evigan
Briana Shann,Briana Shann
Bridgette Barrett,Bridgette Barrett
Brie Larson,Brie Larson
Brighton Sharbino,Brighton Sharbino
Brit Marling,Brit Marling
Brit Morgan,Brit Morgan
Britt Robertson,Britt Robertson
Brittany Blanton,Brittany Blanton
Brittany Murphy,Brittany Murphy
Brittany Snow,Brittany Snow
Brooke Shields,Brooke Shields
Brooklyn Decker,Brooklyn Decker
Bruce Boxleitner,Bruce Boxleitner
Bruce Campbell,Bruce Campbell
Bruce Greenwood,Bruce Greenwood
Bruce Willis,Bruce Willis
Bruno Campos,Bruno Campos
Bryan Cranston,Bryan Cranston
Bryan Greenberg,Bryan Greenberg
Bryce Dallas Howard,Bryce Dallas Howard
Burt Young,Burt Young
Byung-hun Lee,Byung-hun Lee
B��rbara Lennie,B��rbara Lennie
C.H. Evans,C.H. Evans
CCH Pounder,CCH Pounder
Caitlyn Rund,Caitlyn Rund
Callan McAuliffe,Callan McAuliffe
Callie Hernandez,Callie Hernandez
Callum Keith Rennie,Callum Keith Rennie
Callum Turner,Callum Turner
Calum Worthy,Calum Worthy
Cam Gigandet,Cam Gigandet
Cameron Diaz,Cameron Diaz
Camille Cottin,Camille Cottin
Candice Bergen,Candice Bergen
Cara Buono,Cara Buono
Cara Delevingne,Cara Delevingne
Carey Mulligan,Carey Mulligan
Carice van Houten,Carice van Houten
Carla Gugino,Carla Gugino
Carla Quevedo,Carla Quevedo
Carly Rae Jepsen,Carly Rae Jepsen
Carmen Ejogo,Carmen Ejogo
Carmen Electra,Carmen Electra
Carrie-Anne Moss,Carrie-Anne Moss
Cary Elwes,Cary Elwes
Cary Joji Fukunaga,Cary Joji Fukunaga
Cary-Hiroyuki Tagawa,Cary-Hiroyuki Tagawa
Casey Affleck,Casey Affleck
Cassie Ventura,Cassie Ventura
Catalina Sandino Moreno,Catalina Sandino Moreno
Cate Blanchett,Cate Blanchett
Catherine B̩gin,Catherine B̩gin
Catherine Keener,Catherine Keener
Catherine Walker,Catherine Walker
Catinca Untaru,Catinca Untaru
Cedric the Entertainer,Cedric the Entertainer
Chadwick Boseman,Chadwick Boseman
Channing Tatum,Channing Tatum
Charles Berling,Charles Berling
Charles Dance,Charles Dance
Charles S. Dutton,Charles S. Dutton
Charlie Cox,Charlie Cox
Charlie Day,Charlie Day
Charlie Heaton,Charlie Heaton
Charlie Hunnam,Charlie Hunnam
Charlie Tahan,Charlie Tahan
Charlize Theron,Charlize Theron
Charlotte Gainsbourg,Charlotte Gainsbourg
Charlotte Le Bon,Charlotte Le Bon
Chase Offerle,Chase Offerle
Chase Williamson,Chase Williamson
Chatchawai Kamonsakpitak,Chatchawai Kamonsakpitak
Cheryl Hines,Cheryl Hines
Chira Cassel,Chira Cassel
Chiwetel Ejiofor,Chiwetel Ejiofor
Chlo�� Grace Moretz,Chlo�� Grace Moretz
Chlo�� Sevigny,Chlo�� Sevigny
Chris Cooper,Chris Cooper
Chris Evans,Chris Evans
Chris Gethard,Chris Gethard
Chris Hemsworth,Chris Hemsworth
Chris Isaak,Chris Isaak
Chris Klein,Chris Klein
Chris Messina,Chris Messina
Chris Pine,Chris Pine
Chris Pratt,Chris Pratt
Chris Rock,Chris Rock
Chris Wedge,Chris Wedge
Christian Bale,Christian Bale
Christian Cooke,Christian Cooke
Christian Distefano,Christian Distefano
Christian Slater,Christian Slater
Christian Stevens,Christian Stevens
Christian Stolte,Christian Stolte
Christina Applegate,Christina Applegate
Christina Grimmie,Christina Grimmie
Christina Hendricks,Christina Hendricks
Christoph Waltz,Christoph Waltz
Christopher Carley,Christopher Carley
Christopher Evan Welch,Christopher Evan Welch
Christopher Fairbank,Christopher Fairbank
Christopher Fitzgerald,Christopher Fitzgerald
Christopher Jordan Wallace,Christopher Jordan Wallace
Christopher Lee,Christopher Lee
Christopher McDonald,Christopher McDonald
Christopher Meyer,Christopher Meyer
Christopher Mintz-Plasse,Christopher Mintz-Plasse
Christopher Plummer,Christopher Plummer
Christopher Walken,Christopher Walken
Christos Stergioglou,Christos Stergioglou
Ciar��n Hinds,Ciar��n Hinds
Cillian Murphy,Cillian Murphy
Claire Danes,Claire Danes
Clara Mamet,Clara Mamet
Clifton Collins Jr.,Clifton Collins Jr.
Clint Dyer,Clint Dyer
Clint Eastwood,Clint Eastwood
Clive Owen,Clive Owen
Cl̩mence Po̩sy,Cl̩mence Po̩sy
Cobie Smulders,Cobie Smulders
Cole Konis,Cole Konis
Colin Farrell,Colin Farrell
Colin Firth,Colin Firth
Colin Hanks,Colin Hanks
Colin Quinn,Colin Quinn
Colleen Camp,Colleen Camp
Colm Feore,Colm Feore
Colm Meaney,Colm Meaney
Colton Haynes,Colton Haynes
Common,Common
Connie Nielsen,Connie Nielsen
Connor Paolo,Connor Paolo
Corbin Reid,Corbin Reid
Corey Hawkins,Corey Hawkins
Corey Stoll,Corey Stoll
Cori Gonzalez-Macuer,Cori Gonzalez-Macuer
Cosmo Jarvis,Cosmo Jarvis
Courteney Cox,Courteney Cox
Courtney Halverson,Courtney Halverson
Craig Ferguson,Craig Ferguson
Craig Robinson,Craig Robinson
Craig T. Nelson,Craig T. Nelson
Craig Van Hook,Craig Van Hook
Crispin Glover,Crispin Glover
Cush Jumbo,Cush Jumbo
Cynthia Nixon,Cynthia Nixon
Da'Vone McDonald,Da'Vone McDonald
Daisy Ridley,Daisy Ridley
Dakota Blue Richards,Dakota Blue Richards
Dakota Fanning,Dakota Fanning
Dakota Goyo,Dakota Goyo
Dakota Johnson,Dakota Johnson
Dale Dickey,Dale Dickey
Dalia Hern��ndez,Dalia Hern��ndez
Damaine Radcliff,Damaine Radcliff
Damien Marzette,Damien Marzette
Damon Wayans Jr.,Damon Wayans Jr.
Dan Byrd,Dan Byrd
Dan Crisafulli,Dan Crisafulli
Dan Fogler,Dan Fogler
Dan Stevens,Dan Stevens
Dana Fuchs,Dana Fuchs
Dane Cook,Dane Cook
Dane DeHaan,Dane DeHaan
Daniel Br�_hl,Daniel Br�_hl
Daniel Craig,Daniel Craig
Daniel Day-Lewis,Daniel Day-Lewis
Daniel Eric Gold,Daniel Eric Gold
Daniel Fathers,Daniel Fathers
Daniel Franzese,Daniel Franzese
Daniel Gim̩nez Cacho,Daniel Gim̩nez Cacho
Daniel Henshall,Daniel Henshall
Daniel Olbrychski,Daniel Olbrychski
Daniel Radcliffe,Daniel Radcliffe
Daniel Zovatto,Daniel Zovatto
Daniella Kertesz,Daniella Kertesz
Danielle Nicolet,Danielle Nicolet
Danielle Panabaker,Danielle Panabaker
Danila Kozlovsky,Danila Kozlovsky
Danny DeVito,Danny DeVito
Danny Glover,Danny Glover
Danny Huston,Danny Huston
Danny McBride,Danny McBride
Danny Sapani,Danny Sapani
Danny Trejo,Danny Trejo
Darsheel Safary,Darsheel Safary
Dar�_o Grandinetti,Dar�_o Grandinetti
Dave Bautista,Dave Bautista
Dave Franco,Dave Franco
Dave Johns,Dave Johns
David Acord,David Acord
David Arquette,David Arquette
David Denman,David Denman
David Harbour,David Harbour
David James,David James
David Lyons,David Lyons
David Morse,David Morse
David Oyelowo,David Oyelowo
David Spade,David Spade
David Strathairn,David Strathairn
David Thewlis,David Thewlis
David Troughton,David Troughton
David Wenham,David Wenham
Dax Flame,Dax Flame
Dax Shepard,Dax Shepard
De'Shawn Washington,De'Shawn Washington
Dean Mumford,Dean Mumford
Dean Norris,Dean Norris
Dean Waite,Dean Waite
Deanna Dunagan,Deanna Dunagan
Deborah Kara Unger,Deborah Kara Unger
Demi Moore,Demi Moore
Demi��n Bichir,Demi��n Bichir
Denis Leary,Denis Leary
Dennis Quaid,Dennis Quaid
Denzel Washington,Denzel Washington
Derek Jacobi,Derek Jacobi
Derek Jeter,Derek Jeter
Derek Luke,Derek Luke
Derek Mears,Derek Mears
Dermot Mulroney,Dermot Mulroney
Dev Patel,Dev Patel
Devon Bostick,Devon Bostick
Diane Kruger,Diane Kruger
Diane Lane,Diane Lane
Dianna Agron,Dianna Agron
Dick Van Dyke,Dick Van Dyke
Diego Boneta,Diego Boneta
Diego Klattenhoff,Diego Klattenhoff
Diego Luna,Diego Luna
Dieter Laser,Dieter Laser
Djimon Hounsou,Djimon Hounsou
Do-won Kwak,Do-won Kwak
Dolph Lundgren,Dolph Lundgren
Domhnall Gleeson,Domhnall Gleeson
Dominic Cooper,Dominic Cooper
Dominic Monaghan,Dominic Monaghan
Dominic West,Dominic West
Dominique Abel,Dominique Abel
Dominique McElligott,Dominique McElligott
Dominique Swain,Dominique Swain
Dominique Tipper,Dominique Tipper
Don Cheadle,Don Cheadle
Don Thompson,Don Thompson
Donald Sutherland,Donald Sutherland
Dong-seok Ma,Dong-seok Ma
Donna Murphy,Donna Murphy
Donnie Yen,Donnie Yen
Doona Bae,Doona Bae
Doug Jones,Doug Jones
Dougie McConnell,Dougie McConnell
Douglas M. Griffin,Douglas M. Griffin
Drew Barrymore,Drew Barrymore
Drew Seeley,Drew Seeley
Duan Sanderson,Duan Sanderson
Dul̩ Hill,Dul̩ Hill
Duncan Duff,Duncan Duff
Duncan Joiner,Duncan Joiner
Dustin Hoffman,Dustin Hoffman
Dwayne Johnson,Dwayne Johnson
Dylan Duffus,Dylan Duffus
Dylan Minnette,Dylan Minnette
Dylan O'Brien,Dylan O'Brien
Ed Harris,Ed Harris
Ed Helms,Ed Helms
Ed O'Neill,Ed O'Neill
Ed Oxenbould,Ed Oxenbould
Ed Skrein,Ed Skrein
Eddie Baroo,Eddie Baroo
Eddie Izzard,Eddie Izzard
Eddie Marsan,Eddie Marsan
Eddie Murphy,Eddie Murphy
Eddie Redmayne,Eddie Redmayne
Edgar Ram�_rez,Edgar Ram�_rez
Edie Falco,Edie Falco
Edith Scob,Edith Scob
Edoardo Leo,Edoardo Leo
Edward Asner,Edward Asner
Edward Norton,Edward Norton
Edwin Wright,Edwin Wright
Elena Anaya,Elena Anaya
Eli Roth,Eli Roth
Elijah Smith,Elijah Smith
Elijah Wood,Elijah Wood
Elisabeth Moss,Elisabeth Moss
Elisabeth Shue,Elisabeth Shue
Elissa Knight,Elissa Knight
Elizabeth Banks,Elizabeth Banks
Elizabeth Berrington,Elizabeth Berrington
Elizabeth Debicki,Elizabeth Debicki
Elizabeth Gracen,Elizabeth Gracen
Elizabeth Henstridge,Elizabeth Henstridge
Elizabeth Mitchell,Elizabeth Mitchell
Elizabeth Olsen,Elizabeth Olsen
Elizabeth Reaser,Elizabeth Reaser
Ella Anderson,Ella Anderson
Ella Rumpf,Ella Rumpf
Ellar Coltrane,Ellar Coltrane
Elle Fanning,Elle Fanning
Ellen Burstyn,Ellen Burstyn
Ellen DeGeneres,Ellen DeGeneres
Ellen Page,Ellen Page
Ellie Kemper,Ellie Kemper
Ellie Kendrick,Ellie Kendrick
Eloise Mumford,Eloise Mumford
Emayatzy Corinealdi,Emayatzy Corinealdi
Emile Hirsch,Emile Hirsch
Emilia Clarke,Emilia Clarke
Emilie de Ravin,Emilie de Ravin
Emily Baldoni,Emily Baldoni
Emily Blunt,Emily Blunt
Emily Browning,Emily Browning
Emily Meade,Emily Meade
Emily Mortimer,Emily Mortimer
Emily Ratajkowski,Emily Ratajkowski
Emma Bell,Emma Bell
Emma Booth,Emma Booth
Emma Fitzpatrick,Emma Fitzpatrick
Emma Greenwell,Emma Greenwell
Emma Roberts,Emma Roberts
Emma Stone,Emma Stone
Emma Thompson,Emma Thompson
Emma Watson,Emma Watson
Emmanuel Garijo,Emmanuel Garijo
Emmanuelle Chriqui,Emmanuelle Chriqui
Emmanuelle Riva,Emmanuelle Riva
Emmy Rossum,Emmy Rossum
Emory Cohen,Emory Cohen
Eric Bana,Eric Bana
Eric Godon,Eric Godon
Eric Stonestreet,Eric Stonestreet
Eric Winter,Eric Winter
Erika Linder,Erika Linder
Erin Moriarty,Erin Moriarty
Ernst Sțtzner,Ernst Sțtzner
Essie Davis,Essie Davis
Ethan Hawke,Ethan Hawke
Ethan Suplee,Ethan Suplee
Eva Green,Eva Green
Eva Mendes,Eva Mendes
Evan Rachel Wood,Evan Rachel Wood
Evangeline Lilly,Evangeline Lilly
Eve,Eve
Eve Lindley,Eve Lindley
Ewa Fr̦ling,Ewa Fr̦ling
Ewan McGregor,Ewan McGregor
Ewen Leslie,Ewen Leslie
Ezra Miller,Ezra Miller
F. Murray Abraham,F. Murray Abraham
Faith Wladyka,Faith Wladyka
Famke Janssen,Famke Janssen
Farid Sajjadi Hosseini,Farid Sajjadi Hosseini
Fatima Sana Shaikh,Fatima Sana Shaikh
Felicity Jones,Felicity Jones
Ferdia Walsh-Peelo,Ferdia Walsh-Peelo
Filip Berg,Filip Berg
Fiona Gordon,Fiona Gordon
Fionn O'Shea,Fionn O'Shea
Florence Clery,Florence Clery
Florence Kastriner,Florence Kastriner
Florence Pugh,Florence Pugh
Forest Whitaker,Forest Whitaker
Fran Kranz,Fran Kranz
Frances O'Connor,Frances O'Connor
Francesc Albiol,Francesc Albiol
Frank Grillo,Frank Grillo
Frank Langella,Frank Langella
Frank Madigan,Frank Madigan
Fran̤ois Cluzet,Fran̤ois Cluzet
Fred Dalton Thompson,Fred Dalton Thompson
Fred Willard,Fred Willard
Freddie Crowder,Freddie Crowder
Freddie Highmore,Freddie Highmore
Freddy Rodr�_guez,Freddy Rodr�_guez
Freida Pinto,Freida Pinto
Gabourey Sidibe,Gabourey Sidibe
Gabriel Basso,Gabriel Basso
Gabriel Bateman,Gabriel Bateman
Gabriel Byrne,Gabriel Byrne
Gabriel Chavarria,Gabriel Chavarria
Gabriel Luna,Gabriel Luna
Gabriela Lopez,Gabriela Lopez
Gabriella Wilde,Gabriella Wilde
Gaby Hoffmann,Gaby Hoffmann
Gael Garc�_a Bernal,Gael Garc�_a Bernal
Gal Gadot,Gal Gadot
Garance Marillier,Garance Marillier
Garret Dillahunt,Garret Dillahunt
Garrett Clayton,Garrett Clayton
Garrett Hedlund,Garrett Hedlund
Garrett M. Brown,Garrett M. Brown
Gary Cole,Gary Cole
Gary Oldman,Gary Oldman
Gaspard Schlatter,Gaspard Schlatter
Gattlin Griffith,Gattlin Griffith
Gedeon Burkhard,Gedeon Burkhard
Gemma Arterton,Gemma Arterton
Gemma Jones,Gemma Jones
Gemma Ward,Gemma Ward
Genesis Rodriguez,Genesis Rodriguez
Geoffrey Arend,Geoffrey Arend
Geoffrey Rush,Geoffrey Rush
George Clooney,George Clooney
George Lopez,George Lopez
George MacKay,George MacKay
Gerard Butler,Gerard Butler
Gerardo Taracena,Gerardo Taracena
Gerry Bednob,Gerry Bednob
Gian Keys,Gian Keys
Giancarlo Esposito,Giancarlo Esposito
Gil Birmingham,Gil Birmingham
Gillian Jacobs,Gillian Jacobs
Gina Carano,Gina Carano
Ginnifer Goodwin,Ginnifer Goodwin
Giovanni Ribisi,Giovanni Ribisi
Giuseppe Battiston,Giuseppe Battiston
Glenn Close,Glenn Close
Golshifteh Farahani,Golshifteh Farahani
Grace Van Patten,Grace Van Patten
Graham McTavish,Graham McTavish
Graham Skipper,Graham Skipper
Greg Kinnear,Greg Kinnear
Gregg Weiner,Gregg Weiner
Gregory Jones,Gregory Jones
Greta Gerwig,Greta Gerwig
Gretchen Mol,Gretchen Mol
Gugu Mbatha-Raw,Gugu Mbatha-Raw
Guillaume Baillargeon,Guillaume Baillargeon
Guy Pearce,Guy Pearce
Gwyneth Paltrow,Gwyneth Paltrow
Hae-il Park,Hae-il Park
Hailee Steinfeld,Hailee Steinfeld
Haley Bennett,Haley Bennett
Haley Joel Osment,Haley Joel Osment
Haley Lu Richardson,Haley Lu Richardson
Halle Berry,Halle Berry
Hans Matheson,Hans Matheson
Harley Quinn Smith,Harley Quinn Smith
Harold Perrineau,Harold Perrineau
Harrison Ford,Harrison Ford
Harry Connick Jr.,Harry Connick Jr.
Harvey Keitel,Harvey Keitel
Hayden Christensen,Hayden Christensen
Hayden Panettiere,Hayden Panettiere
Hayley Atwell,Hayley Atwell
Hayley McElhinney,Hayley McElhinney
Hayley Squires,Hayley Squires
Heath Ledger,Heath Ledger
Heather Matarazzo,Heather Matarazzo
Heather Sossaman,Heather Sossaman
Hee-Bong Byun,Hee-Bong Byun
Helen Mirren,Helen Mirren
Helena Bonham Carter,Helena Bonham Carter
Henry Cavill,Henry Cavill
Henry Thomas,Henry Thomas
Hermione Corfield,Hermione Corfield
Hilary Swank,Hilary Swank
Hiroki Hasegawa,Hiroki Hasegawa
Hristos Passalis,Hristos Passalis
Hugh Grant,Hugh Grant
Hugh Jackman,Hugh Jackman
Hugh Laurie,Hugh Laurie
Hugo Weaving,Hugo Weaving
Hunter McCracken,Hunter McCracken
Iain Glen,Iain Glen
Ian Holm,Ian Holm
Ian McKellen,Ian McKellen
Ian McShane,Ian McShane
Ice Cube,Ice Cube
Ida Engvoll,Ida Engvoll
Idina Menzel,Idina Menzel
Idris Elba,Idris Elba
Ike Barinholtz,Ike Barinholtz
Imelda Staunton,Imelda Staunton
Imogen Poots,Imogen Poots
India Eisley,India Eisley
Iris Apatow,Iris Apatow
Irrfan Khan,Irrfan Khan
Isabel Lucas,Isabel Lucas
Isabella Rossellini,Isabella Rossellini
Isabelle Fuhrman,Isabelle Fuhrman
Isabelle Huppert,Isabelle Huppert
Isabelle N̩lisse,Isabelle N̩lisse
Isaiah Stone,Isaiah Stone
Isla Fisher,Isla Fisher
Israel Broussard,Israel Broussard
Ivana Baquero,Ivana Baquero
Ivo Nandi,Ivo Nandi
J. Todd Smith,J. Todd Smith
J.K. Simmons,J.K. Simmons
Jack Black,Jack Black
Jack Davenport,Jack Davenport
Jack Holden,Jack Holden
Jack Huston,Jack Huston
Jack Madigan,Jack Madigan
Jack McBrayer,Jack McBrayer
Jack Nicholson,Jack Nicholson
Jack O'Connell,Jack O'Connell
Jack Reynor,Jack Reynor
Jack Taylor,Jack Taylor
Jacki Weaver,Jacki Weaver
Jackie Chan,Jackie Chan
Jackie Earle Haley,Jackie Earle Haley
Jackson Rathbone,Jackson Rathbone
Jacob Latimore,Jacob Latimore
Jacob Tremblay,Jacob Tremblay
Jade Asha,Jade Asha
Jaden Smith,Jaden Smith
Jae Head,Jae Head
Jael Elizabeth Steinmeyer,Jael Elizabeth Steinmeyer
Jahking Guillory,Jahking Guillory
Jai Courtney,Jai Courtney
Jaime Winstone,Jaime Winstone
Jake Abel,Jake Abel
Jake Gyllenhaal,Jake Gyllenhaal
Jake Johnson,Jake Johnson
Jalil Lespert,Jalil Lespert
Jamal Woolard,Jamal Woolard
James Allen McCune,James Allen McCune
James Badge Dale,James Badge Dale
James Cosmo,James Cosmo
James DuMont,James DuMont
James Floyd,James Floyd
James Franco,James Franco
James Frecheville,James Frecheville
James Gandolfini,James Gandolfini
James Hamrick,James Hamrick
James Kelley,James Kelley
James Marsden,James Marsden
James Marsters,James Marsters
James McAvoy,James McAvoy
James Ransone,James Ransone
James Russell,James Russell
Jamie Bell,Jamie Bell
Jamie Blackley,Jamie Blackley
Jamie Campbell Bower,Jamie Campbell Bower
Jamie Chung,Jamie Chung
Jamie Dornan,Jamie Dornan
Jamie Foxx,Jamie Foxx
Jan Cornet,Jan Cornet
Jane Fonda,Jane Fonda
Jane Levy,Jane Levy
Jane Lynch,Jane Lynch
Janelle Mon��e,Janelle Mon��e
Janet McTeer,Janet McTeer
Janet Montgomery,Janet Montgomery
January Jones,January Jones
Jared Gilman,Jared Gilman
Jared Harris,Jared Harris
Jared Leto,Jared Leto
Jared Padalecki,Jared Padalecki
Jasmine Trinca,Jasmine Trinca
Jason Barry,Jason Barry
Jason Bateman,Jason Bateman
Jason Biggs,Jason Biggs
Jason Clarke,Jason Clarke
Jason Cope,Jason Cope
Jason Flemyng,Jason Flemyng
Jason Isaacs,Jason Isaacs
Jason Mitchell,Jason Mitchell
Jason Momoa,Jason Momoa
Jason O'Mara,Jason O'Mara
Jason Schwartzman,Jason Schwartzman
Jason Segel,Jason Segel
Jason Statham,Jason Statham
Jason Sudeikis,Jason Sudeikis
Jasper Newell,Jasper Newell
Javier Bardem,Javier Bardem
Jay Baruchel,Jay Baruchel
Jean Reno,Jean Reno
Jean-Claude Van Damme,Jean-Claude Van Damme
Jeff Branson,Jeff Branson
Jeff Bridges,Jeff Bridges
Jeff Daniel Phillips,Jeff Daniel Phillips
Jeff Daniels,Jeff Daniels
Jeff Garlin,Jeff Garlin
Jeff Goldblum,Jeff Goldblum
Jeff Kahn,Jeff Kahn
Jeffrey Dean Morgan,Jeffrey Dean Morgan
Jeffrey Vincent Parise,Jeffrey Vincent Parise
Jeffrey Wright,Jeffrey Wright
Jelena Gavrilovic,Jelena Gavrilovic
Jemaine Clement,Jemaine Clement
Jemima West,Jemima West
Jena Malone,Jena Malone
Jenna Dewan Tatum,Jenna Dewan Tatum
Jenna Elfman,Jenna Elfman
Jennette McCurdy,Jennette McCurdy
Jennifer Aniston,Jennifer Aniston
Jennifer Connelly,Jennifer Connelly
Jennifer Ehle,Jennifer Ehle
Jennifer Garner,Jennifer Garner
Jennifer Jason Leigh,Jennifer Jason Leigh
Jennifer Koenig,Jennifer Koenig
Jennifer Lawrence,Jennifer Lawrence
Jennifer Lopez,Jennifer Lopez
Jennifer Morrison,Jennifer Morrison
Jennifer Saunders,Jennifer Saunders
Jenny Slate,Jenny Slate
Jeremy Davies,Jeremy Davies
Jeremy Irons,Jeremy Irons
Jeremy Irvine,Jeremy Irvine
Jeremy McWilliams,Jeremy McWilliams
Jeremy Renner,Jeremy Renner
Jerry Ferrara,Jerry Ferrara
Jerry O'Connell,Jerry O'Connell
Jerry Stiller,Jerry Stiller
Jesse Borrego,Jesse Borrego
Jesse Bradford,Jesse Bradford
Jesse Eisenberg,Jesse Eisenberg
Jesse Plemons,Jesse Plemons
Jessica Alba,Jessica Alba
Jessica Barden,Jessica Barden
Jessica Barth,Jessica Barth
Jessica Biel,Jessica Biel
Jessica Brown Findlay,Jessica Brown Findlay
Jessica Chastain,Jessica Chastain
Jessica Lange,Jessica Lange
Jessica Lucas,Jessica Lucas
Jessica Sula,Jessica Sula
Jessica Vanessa DeLeon,Jessica Vanessa DeLeon
Jessie Ok Gray,Jessie Ok Gray
Jet Li,Jet Li
Ji-min Han,Ji-min Han
Jim Broadbent,Jim Broadbent
Jim Carrey,Jim Carrey
Jim Caviezel,Jim Caviezel
Jim Norton,Jim Norton
Jim Parsons,Jim Parsons
Jim Sturgess,Jim Sturgess
Jin-woong Jo,Jin-woong Jo
Jo Hartley,Jo Hartley
Joan Allen,Joan Allen
Joan Cusack,Joan Cusack
Joanne Froggatt,Joanne Froggatt
Joaquin Phoenix,Joaquin Phoenix
Jocelin Donahue,Jocelin Donahue
Jodie Foster,Jodie Foster
Joe Alwyn,Joe Alwyn
Joe Anderson,Joe Anderson
Joe Blakemore,Joe Blakemore
Joe Cobden,Joe Cobden
Joe Manganiello,Joe Manganiello
Joel Courtney,Joel Courtney
Joel David Moore,Joel David Moore
Joel Edgerton,Joel Edgerton
Joel Kinnaman,Joel Kinnaman
Joel McHale,Joel McHale
Joely Richardson,Joely Richardson
Joey Lauren Adams,Joey Lauren Adams
Joey Morgan,Joey Morgan
John Alexander,John Alexander
John Boyega,John Boyega
John C. McGinley,John C. McGinley
John C. Reilly,John C. Reilly
John Carroll Lynch,John Carroll Lynch
John Corbett,John Corbett
John Cullum,John Cullum
John Cusack,John Cusack
John D'Leo,John D'Leo
John DeLuca,John DeLuca
John Doman,John Doman
John Francis Daley,John Francis Daley
John Gallagher Jr.,John Gallagher Jr.
John Goodman,John Goodman
John Hawkes,John Hawkes
John Hodgman,John Hodgman
John Hurt,John Hurt
John Krasinski,John Krasinski
John Leguizamo,John Leguizamo
John Malkovich,John Malkovich
John Ortiz,John Ortiz
John Ratzenberger,John Ratzenberger
John Travolta,John Travolta
John Turturro,John Turturro
Johnny Depp,Johnny Depp
Johnny Simmons,Johnny Simmons
Jon Bernthal,Jon Bernthal
Jon Daly,Jon Daly
Jon Favreau,Jon Favreau
Jon Hamm,Jon Hamm
Jon Voight,Jon Voight
Jonah Hill,Jonah Hill
Jonathan Daniel Brown,Jonathan Daniel Brown
Jonathan Groff,Jonathan Groff
Jonathan Rhys Meyers,Jonathan Rhys Meyers
Jonathan Roumie,Jonathan Roumie
Jonny Brugh,Jonny Brugh
Jonny Weston,Jonny Weston
Jordan Carlos,Jordan Carlos
Jordan Nagai,Jordan Nagai
Jordan Peele,Jordan Peele
Jordana Brewster,Jordana Brewster
Jordi Moll��,Jordi Moll��
Jorge Garcia,Jorge Garcia
Jorma Taccone,Jorma Taccone
Josef Altin,Josef Altin
Joseph Fiennes,Joseph Fiennes
Joseph Gordon-Levitt,Joseph Gordon-Levitt
Joseph Julian Soria,Joseph Julian Soria
Joseph Mawle,Joseph Mawle
Josh Brener,Josh Brener
Josh Brolin,Josh Brolin
Josh Duhamel,Josh Duhamel
Josh Gad,Josh Gad
Josh Hartnett,Josh Hartnett
Josh Hutcherson,Josh Hutcherson
Josh Lucas,Josh Lucas
Josh Peck,Josh Peck
Josh Stewart,Josh Stewart
Josh Wiggins,Josh Wiggins
Joshua Leonard,Joshua Leonard
Joshua McIvor,Joshua McIvor
Jos̩ Coronado,Jos̩ Coronado
Jovan Adepo,Jovan Adepo
Juan Saavedra,Juan Saavedra
Judah Lewis,Judah Lewis
Jude Law,Jude Law
Judi Dench,Judi Dench
Judy Davis,Judy Davis
Judy Greer,Judy Greer
Julia Ormond,Julia Ormond
Julia Roberts,Julia Roberts
Julia Stiles,Julia Stiles
Julian Barratt,Julian Barratt
Julian Dennison,Julian Dennison
Julian Richings,Julian Richings
Julian Vergov,Julian Vergov
Julianna Margulies,Julianna Margulies
Julianne Hough,Julianne Hough
Julianne Moore,Julianne Moore
Julie Andrews,Julie Andrews
Julie Benz,Julie Benz
Julie Walters,Julie Walters
Juliet Rylance,Juliet Rylance
Jun Kunimura,Jun Kunimura
Jung-min Hwang,Jung-min Hwang
Jung-woo Ha,Jung-woo Ha
Juno Temple,Juno Temple
Justice Smith,Justice Smith
Justin Bartha,Justin Bartha
Justin Chatwin,Justin Chatwin
Justin Chon,Justin Chon
Justin Long,Justin Long
Justin Theroux,Justin Theroux
Justin Timberlake,Justin Timberlake
Justine Waddell,Justine Waddell
Kagiso Kuypers,Kagiso Kuypers
Kai Ryssdal,Kai Ryssdal
Kaitlin Olson,Kaitlin Olson
Kang-ho Song,Kang-ho Song
Kara Hayward,Kara Hayward
Karel Herm��nek Jr.,Karel Herm��nek Jr.
Karen Allen,Karen Allen
Karen Disher,Karen Disher
Karen Gillan,Karen Gillan
Karen Moskow,Karen Moskow
Kari Matchett,Kari Matchett
Karin Konoval,Karin Konoval
Karl Glusman,Karl Glusman
Karl Markovics,Karl Markovics
Karl Urban,Karl Urban
Karolina Gruszka,Karolina Gruszka
Karrueche Tran,Karrueche Tran
Kat Dennings,Kat Dennings
Kate Beckinsale,Kate Beckinsale
Kate Bosworth,Kate Bosworth
Kate Dickie,Kate Dickie
Kate Hudson,Kate Hudson
Kate Mara,Kate Mara
Kate McKinnon,Kate McKinnon
Kate Siegel,Kate Siegel
Kate Upton,Kate Upton
Kate Winslet,Kate Winslet
Katee Sackhoff,Katee Sackhoff
Katey Sagal,Katey Sagal
Katherine Heigl,Katherine Heigl
Katherine Reis,Katherine Reis
Katherine Waterston,Katherine Waterston
Kathleen Munroe,Kathleen Munroe
Kathleen Quinlan,Kathleen Quinlan
Kathryn Hahn,Kathryn Hahn
Kathy Baker,Kathy Baker
Kathy Bates,Kathy Bates
Kati Outinen,Kati Outinen
Katie Cassidy,Katie Cassidy
Katie Crown,Katie Crown
Katie Holmes,Katie Holmes
Katy Barker,Katy Barker
Kay Whitney,Kay Whitney
Kaya Scodelario,Kaya Scodelario
Keanu Reeves,Keanu Reeves
Keegan-Michael Key,Keegan-Michael Key
Keir Gilchrist,Keir Gilchrist
Keira Knightley,Keira Knightley
Keith Carradine,Keith Carradine
Keith David,Keith David
Kelcey Watson,Kelcey Watson
Kelly Adams,Kelly Adams
Kelly Macdonald,Kelly Macdonald
Kelly McGillis,Kelly McGillis
Kelly Reilly,Kelly Reilly
Kelsey Grammer,Kelsey Grammer
Ken Stott,Ken Stott
Ken Watanabe,Ken Watanabe
Kenneth Branagh,Kenneth Branagh
Kenneth Welsh,Kenneth Welsh
Kenny Wormald,Kenny Wormald
Kensh̫ Ono,Kensh̫ Ono
Keri Russell,Keri Russell
Kerry Bish̩,Kerry Bish̩
Kerry Washington,Kerry Washington
Kevin Bacon,Kevin Bacon
Kevin Chamberlin,Kevin Chamberlin
Kevin Connolly,Kevin Connolly
Kevin Costner,Kevin Costner
Kevin Dillon,Kevin Dillon
Kevin Hart,Kevin Hart
Kevin James,Kevin James
Kevin Kline,Kevin Kline
Kevin Leslie,Kevin Leslie
Kevin McKidd,Kevin McKidd
Kevin Nealon,Kevin Nealon
Kevin Spacey,Kevin Spacey
Kiefer Sutherland,Kiefer Sutherland
Kieran Culkin,Kieran Culkin
Kiernan Shipka,Kiernan Shipka
Kiersey Clemons,Kiersey Clemons
Kim Cattrall,Kim Cattrall
Kim Coates,Kim Coates
Kim Uylenbroek,Kim Uylenbroek
Kimberly Elise,Kimberly Elise
Kirby Bliss Blanton,Kirby Bliss Blanton
Kirsten Dunst,Kirsten Dunst
Kit Harington,Kit Harington
Klara Kristin,Klara Kristin
Kodi Smit-McPhee,Kodi Smit-McPhee
Kofi Siriboe,Kofi Siriboe
Kristen Bell,Kristen Bell
Kristen Connolly,Kristen Connolly
Kristen Stewart,Kristen Stewart
Kristen Wiig,Kristen Wiig
Kristin Chenoweth,Kristin Chenoweth
Kristin Davis,Kristin Davis
Kristin Scott Thomas,Kristin Scott Thomas
Ksenia Solo,Ksenia Solo
Kunal Kapoor,Kunal Kapoor
Kurt Fuller,Kurt Fuller
Kurt Russell,Kurt Russell
Kyle Chandler,Kyle Chandler
Kyle Gallner,Kyle Gallner
Kylie Rogers,Kylie Rogers
Kyra Sedgwick,Kyra Sedgwick
Laine Megaw,Laine Megaw
Lainie Kazan,Lainie Kazan
Lake Bell,Lake Bell
Lambert Wilson,Lambert Wilson
Lara Pulver,Lara Pulver
Larenz Tate,Larenz Tate
Larry the Cable Guy,Larry the Cable Guy
Lars Eidinger,Lars Eidinger
Lasse Fogelstr��m,Lasse Fogelstr��m
Laura Abramsen,Laura Abramsen
Laura Allen,Laura Allen
Laura Dern,Laura Dern
Laura Linney,Laura Linney
Laura Ramsey,Laura Ramsey
Laura Waddell,Laura Waddell
Lauren Birkell,Lauren Birkell
Lauren Cohan,Lauren Cohan
Lauren German,Lauren German
Lauren Graham,Lauren Graham
Lauren Holly,Lauren Holly
Laurence Fishburne,Laurence Fishburne
Laurence Leboeuf,Laurence Leboeuf
Laurent Lafitte,Laurent Lafitte
Laurent Lucas,Laurent Lucas
Laurie Holden,Laurie Holden
Lee Pace,Lee Pace
Leehom Wang,Leehom Wang
Leland Orser,Leland Orser
Lena Endre,Lena Endre
Lena Headey,Lena Headey
Leonard Nimoy,Leonard Nimoy
Leonardo DiCaprio,Leonardo DiCaprio
Lesley Manville,Lesley Manville
Leslie Bibb,Leslie Bibb
Leslie Jones,Leslie Jones
Leslie Mann,Leslie Mann
Levi Miller,Levi Miller
Lewis Black,Lewis Black
Lewis MacDougall,Lewis MacDougall
Lia Bugnar,Lia Bugnar
Lia Marie Johnson,Lia Marie Johnson
Liam Hemsworth,Liam Hemsworth
Liam McMahon,Liam McMahon
Liam Neeson,Liam Neeson
Liana Liberato,Liana Liberato
Liev Schreiber,Liev Schreiber
Lili Sepe,Lili Sepe
Lili Taylor,Lili Taylor
Lily Cole,Lily Cole
Lily Collins,Lily Collins
Lily James,Lily James
Lily Rabe,Lily Rabe
Lily-Rose Depp,Lily-Rose Depp
Lin Shaye,Lin Shaye
Linda Cardellini,Linda Cardellini
Linda Gegusch,Linda Gegusch
Linh Dan Pham,Linh Dan Pham
Lior Ashkenazi,Lior Ashkenazi
Lisa Kudrow,Lisa Kudrow
Lisa Thoreson,Lisa Thoreson
Liv Tyler,Liv Tyler
Lizzy Caplan,Lizzy Caplan
Logan Huffman,Logan Huffman
Logan Lerman,Logan Lerman
Logan Marshall-Green,Logan Marshall-Green
Logan Miller,Logan Miller
Logan Paul,Logan Paul
Lorenza Izzo,Lorenza Izzo
Lori Petty,Lori Petty
Lorraine Nicholson,Lorraine Nicholson
Lorraine Toussaint,Lorraine Toussaint
Lou Romano,Lou Romano
Lou Taylor Pucci,Lou Taylor Pucci
Louis C.K.,Louis C.K.
Lo��s van Wijk,Lo��s van Wijk
Lubna Azabal,Lubna Azabal
Lucas Black,Lucas Black
Lucas Hedges,Lucas Hedges
Lucas Till,Lucas Till
Lucy Boynton,Lucy Boynton
Lucy Fry,Lucy Fry
Lucy Hale,Lucy Hale
Lucy Liu,Lucy Liu
Lucy Walters,Lucy Walters
Luing Andrews,Luing Andrews
Lukas Hassel,Lukas Hassel
Luke Bracey,Luke Bracey
Luke Evans,Luke Evans
Luke Kleintank,Luke Kleintank
Luke Treadaway,Luke Treadaway
Luke Wilson,Luke Wilson
Lulu Wilson,Lulu Wilson
Lupita Nyong'o,Lupita Nyong'o
Lydia Wilson,Lydia Wilson
Lyndsy Fonseca,Lyndsy Fonseca
Lynn Collins,Lynn Collins
Lynsey Taylor Mackay,Lynsey Taylor Mackay
L̩a Seydoux,L̩a Seydoux
Mackenzie Foy,Mackenzie Foy
Maddie Ziegler,Maddie Ziegler
Maddy Curley,Maddy Curley
Madeleine West,Madeleine West
Madhavan,Madhavan
Madina Nalwanga,Madina Nalwanga
Madison Wolfe,Madison Wolfe
Mads Mikkelsen,Mads Mikkelsen
Mae Whitman,Mae Whitman
Maggie Grace,Maggie Grace
Maggie Gyllenhaal,Maggie Gyllenhaal
Maggie Q,Maggie Q
Mahershala Ali,Mahershala Ali
Maika Monroe,Maika Monroe
Malcolm McDowell,Malcolm McDowell
Malcolm Sinclair,Malcolm Sinclair
Malin Akerman,Malin Akerman
Malina Manovici,Malina Manovici
Mandy Gonzalez,Mandy Gonzalez
Mandy Moore,Mandy Moore
Marcia Gay Harden,Marcia Gay Harden
Marco Giallini,Marco Giallini
Margarita Levieva,Margarita Levieva
Margot Robbie,Margot Robbie
Maria Bello,Maria Bello
Maria Dizzia,Maria Dizzia
Maria Doyle Kennedy,Maria Doyle Kennedy
Maria-Victoria Dragus,Maria-Victoria Dragus
Mariah Carey,Mariah Carey
Maribel Verd̼,Maribel Verd̼
Marie Gruber,Marie Gruber
Marilyn Manson,Marilyn Manson
Mario Casas,Mario Casas
Marion Cotillard,Marion Cotillard
Marisa Paredes,Marisa Paredes
Mark Boone Junior,Mark Boone Junior
Mark Chao,Mark Chao
Mark Consuelos,Mark Consuelos
Mark Huberman,Mark Huberman
Mark Ruffalo,Mark Ruffalo
Mark Rylance,Mark Rylance
Mark Strong,Mark Strong
Mark Wahlberg,Mark Wahlberg
Marley Shelton,Marley Shelton
Marlon Wayans,Marlon Wayans
Martin Freeman,Martin Freeman
Martin Henderson,Martin Henderson
Martin Kabanza,Martin Kabanza
Martin McCann,Martin McCann
Martin Stringer,Martin Stringer
Martina Gedeck,Martina Gedeck
Marton Csokas,Marton Csokas
Mary Elizabeth Winstead,Mary Elizabeth Winstead
Mary McCormack,Mary McCormack
Mary Steenburgen,Mary Steenburgen
Mary-Louise Parker,Mary-Louise Parker
Mar�_a Marull,Mar�_a Marull
Mason Lee,Mason Lee
Mateo Arias,Mateo Arias
Mathieu Amalric,Mathieu Amalric
Matt Bomer,Matt Bomer
Matt Damon,Matt Damon
Matt Lanter,Matt Lanter
Matt Long,Matt Long
Matt Vael,Matt Vael
Matthew Bohrer,Matthew Bohrer
Matthew Fox,Matthew Fox
Matthew Goode,Matthew Goode
Matthew Macfadyen,Matthew Macfadyen
Matthew Marsden,Matthew Marsden
Matthew McConaughey,Matthew McConaughey
Matthew Morrison,Matthew Morrison
Matthew Perry,Matthew Perry
Matthew Zuk,Matthew Zuk
Matthias Schoenaerts,Matthias Schoenaerts
Maude Apatow,Maude Apatow
Mauricio Lopez,Mauricio Lopez
Maury Sterling,Maury Sterling
Max Burkholder,Max Burkholder
Max Greenfield,Max Greenfield
Max Irons,Max Irons
Max Martini,Max Martini
Max Minghella,Max Minghella
Max von Sydow,Max von Sydow
Maxim Gaudette,Maxim Gaudette
Maya Rudolph,Maya Rudolph
Mayko Nguyen,Mayko Nguyen
McCaul Lombardi,McCaul Lombardi
Meagan Good,Meagan Good
Megan Charpentier,Megan Charpentier
Megan Fox,Megan Fox
Megan Park,Megan Park
Mel Gibson,Mel Gibson
Mel Raido,Mel Raido
Melanie Lynskey,Melanie Lynskey
Melissa Benoist,Melissa Benoist
Melissa George,Melissa George
Melissa Leo,Melissa Leo
Melissa McCarthy,Melissa McCarthy
Meredith Hagner,Meredith Hagner
Meryl Streep,Meryl Streep
Method Man,Method Man
Mia Goth,Mia Goth
Mia Stallard,Mia Stallard
Mia Wasikowska,Mia Wasikowska
Michael B. Jordan,Michael B. Jordan
Michael C. Hall,Michael C. Hall
Michael Caine,Michael Caine
Michael Cera,Michael Cera
Michael Chiklis,Michael Chiklis
Michael Constantine,Michael Constantine
Michael Dickson,Michael Dickson
Michael Doneger,Michael Doneger
Michael Dorman,Michael Dorman
Michael Douglas,Michael Douglas
Michael Ealy,Michael Ealy
Michael Fassbender,Michael Fassbender
Michael Gambon,Michael Gambon
Michael Ironside,Michael Ironside
Michael Keaton,Michael Keaton
Michael Kelly,Michael Kelly
Michael Kenneth Williams,Michael Kenneth Williams
Michael Mantell,Michael Mantell
Michael McDonald,Michael McDonald
Michael McElhatton,Michael McElhatton
Michael Nyqvist,Michael Nyqvist
Michael Parks,Michael Parks
Michael Pe̱a,Michael Pe̱a
Michael Pitt,Michael Pitt
Michael Rooker,Michael Rooker
Michael Shannon,Michael Shannon
Michael Sheen,Michael Sheen
Michael Stuhlbarg,Michael Stuhlbarg
Michael Trucco,Michael Trucco
Michael Vartan,Michael Vartan
Michael Wittenborn,Michael Wittenborn
Michael Yare,Michael Yare
Michal Vondel,Michal Vondel
Michel Vuillermoz,Michel Vuillermoz
Michele Valley,Michele Valley
Michelle Monaghan,Michelle Monaghan
Michelle Pfeiffer,Michelle Pfeiffer
Michelle Rodriguez,Michelle Rodriguez
Michelle Williams,Michelle Williams
Michelle Yeoh,Michelle Yeoh
Michiel Huisman,Michiel Huisman
Mickey Rourke,Mickey Rourke
Mike Birbiglia,Mike Birbiglia
Mike Vogel,Mike Vogel
Mila Kunis,Mila Kunis
Miles Fisher,Miles Fisher
Miles Heizer,Miles Heizer
Miles Teller,Miles Teller
Milla Jovovich,Milla Jovovich
Milo Ventimiglia,Milo Ventimiglia
Min-hee Kim,Min-hee Kim
Min-sik Choi,Min-sik Choi
Mindy Kaling,Mindy Kaling
Mira Sorvino,Mira Sorvino
Miranda Cosgrove,Miranda Cosgrove
Mireille Enos,Mireille Enos
Miyavi,Miyavi
Miyu Irino,Miyu Irino
Mo'Nique,Mo'Nique
Moe Dunford,Moe Dunford
Mohamed Akhzam,Mohamed Akhzam
Moises Arias,Moises Arias
Mois̩s Acevedo,Mois̩s Acevedo
Molly Ringwald,Molly Ringwald
Momo Dione,Momo Dione
Mona Singh,Mona Singh
Mone Kamishiraishi,Mone Kamishiraishi
Moon Bloodgood,Moon Bloodgood
Morena Baccarin,Morena Baccarin
Morgan Freeman,Morgan Freeman
Morgan Lily,Morgan Lily
Morgan Saylor,Morgan Saylor
Morjana Alaoui,Morjana Alaoui
Munro Chambers,Munro Chambers
Mustafa Kamel,Mustafa Kamel
Mykelti Williamson,Mykelti Williamson
Myl̬ne Jampano��,Myl̬ne Jampano��
M̩lanie Laurent,M̩lanie Laurent
M̩lissa D̩sormeaux-Poulin,M̩lissa D̩sormeaux-Poulin
M�_nica Villa,M�_nica Villa
Nadia White,Nadia White
Nadine Velazquez,Nadine Velazquez
Nancy Kwan,Nancy Kwan
Naomi Ackie,Naomi Ackie
Naomi Battrick,Naomi Battrick
Naomi Watts,Naomi Watts
Naomie Harris,Naomie Harris
Nat Wolff,Nat Wolff
Natalie Krill,Natalie Krill
Natalie Martinez,Natalie Martinez
Natalie Portman,Natalie Portman
Natascha McElhone,Natascha McElhone
Natasha Henstridge,Natasha Henstridge
Nathalie Baye,Nathalie Baye
Nathalie Boltt,Nathalie Boltt
Nathan Fillion,Nathan Fillion
Nathan Phillips,Nathan Phillips
Nazanin Boniadi,Nazanin Boniadi
Ned Beatty,Ned Beatty
Neel Sethi,Neel Sethi
Neil Brown Jr.,Neil Brown Jr.
Neil Flynn,Neil Flynn
Neil Patrick Harris,Neil Patrick Harris
Nellie,Nellie
Neve Campbell,Neve Campbell
Ni Ni,Ni Ni
Nia Vardalos,Nia Vardalos
Nicholas Braun,Nicholas Braun
Nicholas Brendon,Nicholas Brendon
Nicholas D'Agosto,Nicholas D'Agosto
Nicholas Galitzine,Nicholas Galitzine
Nicholas Hope,Nicholas Hope
Nicholas Hoult,Nicholas Hoult
Nick Damici,Nick Damici
Nick Frost,Nick Frost
Nick Krause,Nick Krause
Nick Nolte,Nick Nolte
Nick Offerman,Nick Offerman
Nick Robinson,Nick Robinson
Nick Swardson,Nick Swardson
Nicola Peltz,Nicola Peltz
Nicolas Cage,Nicolas Cage
Nicole Beharie,Nicole Beharie
Nicole Kidman,Nicole Kidman
Nicole Parker,Nicole Parker
Nikki Blonsky,Nikki Blonsky
Nikki SooHoo,Nikki SooHoo
Niko Nicotera,Niko Nicotera
Nikolaj Coster-Waldau,Nikolaj Coster-Waldau
Nina Dobrev,Nina Dobrev
Noah Ringer,Noah Ringer
Noah Taylor,Noah Taylor
Noah Wiseman,Noah Wiseman
Noel Fisher,Noel Fisher
Noomi Rapace,Noomi Rapace
O'Shea Jackson Jr.,O'Shea Jackson Jr.
Oakes Fegley,Oakes Fegley
Oaklee Pendergast,Oaklee Pendergast
Octavia Spencer,Octavia Spencer
Odeya Rush,Odeya Rush
Olan Rogers,Olan Rogers
Olga Kurylenko,Olga Kurylenko
Oliver Cooper,Oliver Cooper
Oliver Platt,Oliver Platt
Olivia Colman,Olivia Colman
Olivia Cooke,Olivia Cooke
Olivia DeJonge,Olivia DeJonge
Olivia Luccardi,Olivia Luccardi
Olivia Moyles,Olivia Moyles
Olivia Munn,Olivia Munn
Olivia Thirlby,Olivia Thirlby
Olivia Wilde,Olivia Wilde
Olivia Williams,Olivia Williams
Omar Sy,Omar Sy
Oona Chaplin,Oona Chaplin
Oona Laurence,Oona Laurence
Ophelia Lovibond,Ophelia Lovibond
Oprah Winfrey,Oprah Winfrey
Orlando Bloom,Orlando Bloom
Orto Ignatiussen,Orto Ignatiussen
Oscar Isaac,Oscar Isaac
Osric Chau,Osric Chau
Owen Wilson,Owen Wilson
Pablo Rago,Pablo Rago
Pablo Schreiber,Pablo Schreiber
Paddy Considine,Paddy Considine
Pat Cashman,Pat Cashman
Patricia Arquette,Patricia Arquette
Patricia Clarkson,Patricia Clarkson
Patrick Dempsey,Patrick Dempsey
Patrick Huard,Patrick Huard
Patrick Stewart,Patrick Stewart
Patrick Wilson,Patrick Wilson
Patton Oswalt,Patton Oswalt
Paul Anderson,Paul Anderson
Paul Bettany,Paul Bettany
Paul Birchard,Paul Birchard
Paul Borghese,Paul Borghese
Paul Dano,Paul Dano
Paul Giamatti,Paul Giamatti
Paul Newman,Paul Newman
Paul Reiser,Paul Reiser
Paul Rudd,Paul Rudd
Paul Sidhu,Paul Sidhu
Paul Walker,Paul Walker
Paula Beer,Paula Beer
Paula Patton,Paula Patton
Paula Prentiss,Paula Prentiss
Paulin Jaccoud,Paulin Jaccoud
Penelope Wilton,Penelope Wilton
Penn Badgley,Penn Badgley
Pen̩lope Cruz,Pen̩lope Cruz
Peter Dinklage,Peter Dinklage
Peter Facinelli,Peter Facinelli
Peter McRobbie,Peter McRobbie
Peter Riegert,Peter Riegert
Peter Sarsgaard,Peter Sarsgaard
Peter Simonischek,Peter Simonischek
Peter Stormare,Peter Stormare
Peyton List,Peyton List
Philip Seymour Hoffman,Philip Seymour Hoffman
Phylicia Rashad,Phylicia Rashad
Pierce Brosnan,Pierce Brosnan
Pierre Coffin,Pierre Coffin
Pierre Niney,Pierre Niney
Pierre Richard,Pierre Richard
Portia Doubleday,Portia Doubleday
Prabhas,Prabhas
Priyanka Moodley,Priyanka Moodley
Queen Latifah,Queen Latifah
Quinton Aaron,Quinton Aaron
Quvenzhan̩ Wallis,Quvenzhan̩ Wallis
RJ Cyler,RJ Cyler
Rabah Nait Oufella,Rabah Nait Oufella
Rachael Blake,Rachael Blake
Rachael Harris,Rachael Harris
Rachel Bilson,Rachel Bilson
Rachel Blanchard,Rachel Blanchard
Rachel Dratch,Rachel Dratch
Rachel House,Rachel House
Rachel Korine,Rachel Korine
Rachel McAdams,Rachel McAdams
Rachel Quinn,Rachel Quinn
Rachel Weisz,Rachel Weisz
Rachel Wood,Rachel Wood
Radha Mitchell,Radha Mitchell
Raffey Cassidy,Raffey Cassidy
Raghuvir Joshi,Raghuvir Joshi
Rainn Wilson,Rainn Wilson
Ralph Fiennes,Ralph Fiennes
Ralph Ineson,Ralph Ineson
Rana Daggubati,Rana Daggubati
Randall Park,Randall Park
Randy Couture,Randy Couture
Raoul Max Trujillo,Raoul Max Trujillo
Rasmus Hardiker,Rasmus Hardiker
Ray Romano,Ray Romano
Ray Stevenson,Ray Stevenson
Ray Winstone,Ray Winstone
Rebecca Ferguson,Rebecca Ferguson
Rebecca Hall,Rebecca Hall
Rebel Wilson,Rebel Wilson
Reese Witherspoon,Reese Witherspoon
Regina Hall,Regina Hall
Reiko Aylesworth,Reiko Aylesworth
Ren ��sugi,Ren ��sugi
Rene Russo,Rene Russo
Ren̩e Zellweger,Ren̩e Zellweger
Rhona Mitra,Rhona Mitra
Rhys Ifans,Rhys Ifans
Ricardo Dar�_n,Ricardo Dar�_n
Riccardo Scamarcio,Riccardo Scamarcio
Richard Armitage,Richard Armitage
Richard Brake,Richard Brake
Richard Dreyfuss,Richard Dreyfuss
Richard Garcia,Richard Garcia
Richard Gere,Richard Gere
Richard Jenkins,Richard Jenkins
Richard Kind,Richard Kind
Richard Madden,Richard Madden
Richenda Carey,Richenda Carey
Rick Gonzalez,Rick Gonzalez
Rihanna,Rihanna
Rila Fukushima,Rila Fukushima
Riley Keough,Riley Keough
Riley Thomas Stewart,Riley Thomas Stewart
Rima Te Wiata,Rima Te Wiata
Rinko Kikuchi,Rinko Kikuchi
Rip Torn,Rip Torn
Rita Cortese,Rita Cortese
Riz Ahmed,Riz Ahmed
Rizwan Manji,Rizwan Manji
Rob Corddry,Rob Corddry
Rob Riggle,Rob Riggle
Robbie Amell,Robbie Amell
Robert Capron,Robert Capron
Robert Carlyle,Robert Carlyle
Robert De Niro,Robert De Niro
Robert Downey Jr.,Robert Downey Jr.
Robert Duvall,Robert Duvall
Robert Hoffman,Robert Hoffman
Robert Knepper,Robert Knepper
Robert Patrick,Robert Patrick
Robert Pattinson,Robert Pattinson
Robert Redford,Robert Redford
Robert Sheehan,Robert Sheehan
Robert Toupin,Robert Toupin
Robin Williams,Robin Williams
Robin Wright,Robin Wright
Rodrigo Santoro,Rodrigo Santoro
Roger Bart,Roger Bart
Rolf Lassg̴rd,Rolf Lassg̴rd
Romain Duris,Romain Duris
Roman Jossart,Roman Jossart
Roman Kolinka,Roman Kolinka
Ron Livingston,Ron Livingston
Ron Perlman,Ron Perlman
Ronnie Gene Blevins,Ronnie Gene Blevins
Rooney Mara,Rooney Mara
Rory Cochrane,Rory Cochrane
Rory J. Saper,Rory J. Saper
Rosamund Pike,Rosamund Pike
Rosario Dawson,Rosario Dawson
Rose Byrne,Rose Byrne
Rose Leslie,Rose Leslie
Rose McGowan,Rose McGowan
Rosemarie DeWitt,Rosemarie DeWitt
Rosie Huntington-Whiteley,Rosie Huntington-Whiteley
Rosie Shaw,Rosie Shaw
Ross Kimball,Ross Kimball
Rostislav Bershauer,Rostislav Bershauer
Rotimi,Rotimi
Ruby Barnhill,Ruby Barnhill
Rub̩n Blades,Rub̩n Blades
Rudy Youngblood,Rudy Youngblood
Rufus Sewell,Rufus Sewell
Rupert Evans,Rupert Evans
Rupert Friend,Rupert Friend
Rupert Grint,Rupert Grint
Russell Brand,Russell Brand
Russell Crowe,Russell Crowe
Ruta Gedmintas,Ruta Gedmintas
Ruth Negga,Ruth Negga
Ruth Wilson,Ruth Wilson
Ryan Gosling,Ryan Gosling
Ryan Guzman,Ryan Guzman
Ryan Lee,Ryan Lee
Ryan Potter,Ryan Potter
Ryan Reynolds,Ryan Reynolds
Ryoko Seta,Ryoko Seta
Ry̫ Narita,Ry̫ Narita
Ry��nosuke Kamiki,Ry��nosuke Kamiki
Sacha Baron Cohen,Sacha Baron Cohen
Sachet Engineer,Sachet Engineer
Sakshi Tanwar,Sakshi Tanwar
Salim Kechiouche,Salim Kechiouche
Salli Richardson-Whitfield,Salli Richardson-Whitfield
Sally Field,Sally Field
Sally Hawkins,Sally Hawkins
Sally Phillips,Sally Phillips
Salma Hayek,Salma Hayek
Sam Claflin,Sam Claflin
Sam Elliott,Sam Elliott
Sam Neill,Sam Neill
Sam Quartin,Sam Quartin
Sam Riley,Sam Riley
Sam Rockwell,Sam Rockwell
Sam Shepard,Sam Shepard
Sam Trammell,Sam Trammell
Sam Worthington,Sam Worthington
Samantha Isler,Samantha Isler
Samantha Morton,Samantha Morton
Samantha Robinson,Samantha Robinson
Samantha Sloyan,Samantha Sloyan
Samuel L. Jackson,Samuel L. Jackson
Sandra Bullock,Sandra Bullock
Sandra H�_ller,Sandra H�_ller
Sandra Kinder,Sandra Kinder
Sanjay Dutt,Sanjay Dutt
Sanjeev Bhaskar,Sanjeev Bhaskar
Sanya Malhotra,Sanya Malhotra
Saoirse Ronan,Saoirse Ronan
Saori Hayami,Saori Hayami
Sarah Butler,Sarah Butler
Sarah Clarke,Sarah Clarke
Sarah Dumont,Sarah Dumont
Sarah Gadon,Sarah Gadon
Sarah Hyland,Sarah Hyland
Sarah Jessica Parker,Sarah Jessica Parker
Sarah Paulson,Sarah Paulson
Sarah Polley,Sarah Polley
Sarah Roemer,Sarah Roemer
Sarah Silverman,Sarah Silverman
Sarah Snook,Sarah Snook
Sarita Choudhury,Sarita Choudhury
Sasha Lane,Sasha Lane
Satomi Ishihara,Satomi Ishihara
Saurabh Shukla,Saurabh Shukla
Scarlett Johansson,Scarlett Johansson
Scorcher,Scorcher
Scott Adkins,Scott Adkins
Scott Adsit,Scott Adsit
Scott Eastwood,Scott Eastwood
Scott Glenn,Scott Glenn
Scott Lawrence,Scott Lawrence
Scott Mescudi,Scott Mescudi
Scott Speedman,Scott Speedman
Sean Bean,Sean Bean
Sean Bott,Sean Bott
Sean Bridgers,Sean Bridgers
Sean Faris,Sean Faris
Sean Patrick Thomas,Sean Patrick Thomas
Sean Penn,Sean Penn
Seann William Scott,Seann William Scott
Sebastian Koch,Sebastian Koch
Sebastian Pigott,Sebastian Pigott
Sebastian Stan,Sebastian Stan
Selena Gomez,Selena Gomez
Selma Blair,Selma Blair
Sergej Trifunovic,Sergej Trifunovic
Sergi L�_pez,Sergi L�_pez
Seth MacFarlane,Seth MacFarlane
Seth Rogen,Seth Rogen
Seychelle Gabriel,Seychelle Gabriel
Shad Moss,Shad Moss
Shah Rukh Khan,Shah Rukh Khan
Shahab Hosseini,Shahab Hosseini
Shailene Woodley,Shailene Woodley
Shameik Moore,Shameik Moore
Shannon Woodward,Shannon Woodward
Shareeka Epps,Shareeka Epps
Shariff Earp,Shariff Earp
Sharlto Copley,Sharlto Copley
Sharman Joshi,Sharman Joshi
Sharon Percy,Sharon Percy
Shawn Roberts,Shawn Roberts
Shea Adams,Shea Adams
Sheila Kelley,Sheila Kelley
Shelley Hennig,Shelley Hennig
Sheri Moon Zombie,Sheri Moon Zombie
Shia LaBeouf,Shia LaBeouf
Shiloh Fernandez,Shiloh Fernandez
Shone Romulus,Shone Romulus
Sienna Guillory,Sienna Guillory
Sienna Miller,Sienna Miller
Sigourney Weaver,Sigourney Weaver
Sigrid Bouaziz,Sigrid Bouaziz
Simon Cotton,Simon Cotton
Simon Helberg,Simon Helberg
Simon Pegg,Simon Pegg
Simona Stasov��,Simona Stasov��
Sixtine Murat,Sixtine Murat
Skyler Gisondo,Skyler Gisondo
Slobodan Bestic,Slobodan Bestic
So-ri Moon,So-ri Moon
Sofia Black-D'Elia,Sofia Black-D'Elia
Soledad Villamil,Soledad Villamil
Sonoya Mizuno,Sonoya Mizuno
Soo-an Kim,Soo-an Kim
Sophie N̩lisse,Sophie N̩lisse
Sophie Okonedo,Sophie Okonedo
Sophie Perry,Sophie Perry
Srdjan 'Zika' Todorovic,Srdjan 'Zika' Todorovic
Stacy Martin,Stacy Martin
Stanley Tucci,Stanley Tucci
Steele Stebbins,Steele Stebbins
Stellan Skarsg̴rd,Stellan Skarsg̴rd
Stephen Curry,Stephen Curry
Stephen Dorff,Stephen Dorff
Stephen Henderson,Stephen Henderson
Stephen Lang,Stephen Lang
Stephen Merchant,Stephen Merchant
Stephen Moyer,Stephen Moyer
Stephen Rea,Stephen Rea
Steve Buscemi,Steve Buscemi
Steve Carell,Steve Carell
Steve Coogan,Steve Coogan
Steve Lantz,Steve Lantz
Steve Martin,Steve Martin
Steve Oram,Steve Oram
Steve Tom,Steve Tom
Steve Wiebe,Steve Wiebe
Steve Zahn,Steve Zahn
Steven Krueger,Steven Krueger
Steven Mackintosh,Steven Mackintosh
Steven Pasquale,Steven Pasquale
Steven Yeun,Steven Yeun
Storm Acheche Sahlstr��m,Storm Acheche Sahlstr��m
Storm Reid,Storm Reid
Stuart Graham,Stuart Graham
Su Elliot,Su Elliot
Sue Dahlman,Sue Dahlman
Sullivan Stapleton,Sullivan Stapleton
Sunny Pawar,Sunny Pawar
Suraj Sharma,Suraj Sharma
Susan Loughnane,Susan Loughnane
Susan Sarandon,Susan Sarandon
Susie Porter,Susie Porter
Suzanne Cl̩ment,Suzanne Cl̩ment
Sylvester Stallone,Sylvester Stallone
Sylvia Hoeks,Sylvia Hoeks
T.I.,T.I.
T.J. Miller,T.J. Miller
T.R. Knight,T.R. Knight
Tabu,Tabu
Tadanobu Asano,Tadanobu Asano
Taika Waititi,Taika Waititi
Taissa Farmiga,Taissa Farmiga
Tamannaah Bhatia,Tamannaah Bhatia
Tammy Blanchard,Tammy Blanchard
Tanay Chheda,Tanay Chheda
Tangie Ambrose,Tangie Ambrose
Tania Raymonde,Tania Raymonde
Tao Okamoto,Tao Okamoto
Taraji P. Henson,Taraji P. Henson
Taraneh Alidoosti,Taraneh Alidoosti
Taron Egerton,Taron Egerton
Tatiana Pauhofov��,Tatiana Pauhofov��
Taylor Kitsch,Taylor Kitsch
Taylor Lautner,Taylor Lautner
Taylor Schilling,Taylor Schilling
Taylor Swift,Taylor Swift
Ted Levine,Ted Levine
Temuera Morrison,Temuera Morrison
Teodora Duhovnikova,Teodora Duhovnikova
Terence Stamp,Terence Stamp
Teresa Navarro,Teresa Navarro
Teresa Palmer,Teresa Palmer
Teri Hatcher,Teri Hatcher
Terrence Howard,Terrence Howard
Terry Chen,Terry Chen
Terry Crews,Terry Crews
Tessa Thompson,Tessa Thompson
Teyonah Parris,Teyonah Parris
Thandie Newton,Thandie Newton
Theo James,Theo James
Theo Rossi,Theo Rossi
Thomas Bo Larsen,Thomas Bo Larsen
Thomas Brodie-Sangster,Thomas Brodie-Sangster
Thomas Haden Church,Thomas Haden Church
Thomas Jane,Thomas Jane
Thomas Lennon,Thomas Lennon
Thomas Loibl,Thomas Loibl
Thomas M. Wright,Thomas M. Wright
Thomas Mann,Thomas Mann
Thomas Middleditch,Thomas Middleditch
Tian Jing,Tian Jing
Tiffany Haddish,Tiffany Haddish
Tijuana Ricks,Tijuana Ricks
Til Schweiger,Til Schweiger
Tilda Swinton,Tilda Swinton
Tim Allen,Tim Allen
Tim Blake Nelson,Tim Blake Nelson
Tim McGraw,Tim McGraw
Tim Pigott-Smith,Tim Pigott-Smith
Tim Roth,Tim Roth
Timothy Olyphant,Timothy Olyphant
Timothy Spall,Timothy Spall
Tina Fey,Tina Fey
Tobey Maguire,Tobey Maguire
Tobias Menzies,Tobias Menzies
Toby Jones,Toby Jones
Toby Kebbell,Toby Kebbell
Tom Costello,Tom Costello
Tom Cruise,Tom Cruise
Tom Cullen,Tom Cullen
Tom Felton,Tom Felton
Tom Hanks,Tom Hanks
Tom Hardy,Tom Hardy
Tom Hiddleston,Tom Hiddleston
Tom Holland,Tom Holland
Tom Hudson,Tom Hudson
Tom Hughes,Tom Hughes
Tom Mison,Tom Mison
Tom Prior,Tom Prior
Tom Sizemore,Tom Sizemore
Tom Wilkinson,Tom Wilkinson
Tommy Dewey,Tommy Dewey
Tommy Lee Jones,Tommy Lee Jones
Toni Collette,Toni Collette
Tony Amendola,Tony Amendola
Tony Danza,Tony Danza
Tony Goldwyn,Tony Goldwyn
Tony Revolori,Tony Revolori
Tony Shalhoub,Tony Shalhoub
Topher Grace,Topher Grace
Tracy Letts,Tracy Letts
Travis Fimmel,Travis Fimmel
Travis Tope,Travis Tope
Trenton Rogers,Trenton Rogers
Trey Songz,Trey Songz
Ty Simpkins,Ty Simpkins
Tye Sheridan,Tye Sheridan
Tyler Hoechlin,Tyler Hoechlin
Tyler James Williams,Tyler James Williams
Tyler Perry,Tyler Perry
Tyne Daly,Tyne Daly
Tyrese Gibson,Tyrese Gibson
Ulrich M�_he,Ulrich M�_he
Ulrich Tukur,Ulrich Tukur
Usher Raymond,Usher Raymond
Val Kilmer,Val Kilmer
Valerie Mahaffey,Valerie Mahaffey
Vanessa Ferlito,Vanessa Ferlito
Vanessa Hudgens,Vanessa Hudgens
Vanessa Lachey,Vanessa Lachey
Vanessa Ross,Vanessa Ross
Vera Farmiga,Vera Farmiga
Vernetta Lopez,Vernetta Lopez
Vicky Krieps,Vicky Krieps
Victoria Justice,Victoria Justice
Viggo Mortensen,Viggo Mortensen
Vilen Babichev,Vilen Babichev
Vin Diesel,Vin Diesel
Vince Vaughn,Vince Vaughn
Vincent Cassel,Vincent Cassel
Vincent D'Onofrio,Vincent D'Onofrio
Vincent Ebrahim,Vincent Ebrahim
Vincent Kartheiser,Vincent Kartheiser
Ving Rhames,Ving Rhames
Vinnie Jones,Vinnie Jones
Viola Davis,Viola Davis
Walton Goggins,Walton Goggins
Ward Horton,Ward Horton
Wei Tang,Wei Tang
Wendi McLendon-Covey,Wendi McLendon-Covey
Wendy Crewson,Wendy Crewson
Wentworth Miller,Wentworth Miller
Wenwen Han,Wenwen Han
Werner Herzog,Werner Herzog
Wes Bentley,Wes Bentley
Wesley Elder,Wesley Elder
Will Arnett,Will Arnett
Will Dalton,Will Dalton
Will Ferrell,Will Ferrell
Will Poulter,Will Poulter
Will Smith,Will Smith
Will Yun Lee,Will Yun Lee
Willem Dafoe,Willem Dafoe
William Atherton,William Atherton
William Fichtner,William Fichtner
William Hurt,William Hurt
William Moseley,William Moseley
Winona Ryder,Winona Ryder
Woo-hee Chun,Woo-hee Chun
Woody Allen,Woody Allen
Woody Harrelson,Woody Harrelson
Wyatt Russell,Wyatt Russell
Xavier Samuel,Xavier Samuel
Yoo Gong,Yoo Gong
Yu-mi Jung,Yu-mi Jung
Yun-Fat Chow,Yun-Fat Chow
Yutaka Takenouchi,Yutaka Takenouchi
Zac Efron,Zac Efron
Zac Mattoon O'Brien,Zac Mattoon O'Brien
Zach Galifianakis,Zach Galifianakis
Zach Grenier,Zach Grenier
Zachary Bennett,Zachary Bennett
Zachary Gordon,Zachary Gordon
Zachary Levi,Zachary Levi
Zachary Quinto,Zachary Quinto
Zachery Ty Bryan,Zachery Ty Bryan
Zoe Kazan,Zoe Kazan
Zoe Saldana,Zoe Saldana
Zoey Deutch,Zoey Deutch
Zooey Deschanel,Zooey Deschanel
Zo�� Bell,Zo�� Bell
Zo�� Kravitz,Zo�� Kravitz
��lafur Darri ��lafsson,��lafur Darri ��lafsson
��milie Leclerc,��milie Leclerc
��scar Jaenada,��scar Jaenada